,code,name,time,price,volume,preprice,type,,,,,,,code,name,time,price,volume,preprice,type,,
0,600516,잏업,14:59:59,18.64,58200,18.63,霑,1084266,,,,,1,600516,잏업,14:59:56,18.63,92800,18.68,췺콻,1733504,
2,600516,잏업,14:59:53,18.68,148000,18.62,霑,2755760,,,,,4,600516,잏업,14:59:44,18.61,79300,18.63,췺콻,1477359,
3,600516,잏업,14:59:47,18.64,55800,18.61,霑,1038438,,,,,6,600516,잏업,14:59:38,18.6,194773,18.6,췺콻,3622777.8,
5,600516,잏업,14:59:41,18.63,757300,18.6,霑,14085780,,,,,7,600516,잏업,14:59:35,18.6,103860,18.61,췺콻,1932834.6,
8,600516,잏업,14:59:32,18.61,741540,18.6,霑,13792644,,,,,14,600516,잏업,14:59:14,18.57,149000,18.59,췺콻,2769910,
9,600516,잏업,14:59:29,18.6,198600,18.6,霑,3693960,,,,,19,600516,잏업,14:58:56,18.6,82427,18.6,췺콻,1533142.2,
10,600516,잏업,14:59:26,18.6,122900,18.58,霑,2283482,,,,,20,600516,잏업,14:58:53,18.6,174900,18.6,췺콻,3253140,
11,600516,잏업,14:59:23,18.58,82400,18.58,霑,1530992,,,,,21,600516,잏업,14:58:50,18.6,195500,18.61,췺콻,3638255,
12,600516,잏업,14:59:20,18.58,145600,18.58,霑,2705248,,,,,24,600516,잏업,14:58:41,18.61,67000,18.62,췺콻,1247540,
13,600516,잏업,14:59:17,18.58,144700,18.57,霑,2687079,,,,,27,600516,잏업,14:58:29,18.62,131000,18.63,췺콻,2440530,
15,600516,잏업,14:59:11,18.59,79500,18.58,霑,1477110,,,,,31,600516,잏업,14:58:14,18.63,404100,18.65,췺콻,7536465,
16,600516,잏업,14:59:05,18.58,74900,18.58,霑,1391642,,,,,35,600516,잏업,14:58:02,18.63,55000,18.65,췺콻,1025750,
18,600516,잏업,14:58:59,18.6,184900,18.6,霑,3439140,,,,,37,600516,잏업,14:57:56,18.65,93700,18.64,췺콻,1746568,
22,600516,잏업,14:58:47,18.61,59300,18.61,霑,1103573,,,,,38,600516,잏업,14:57:53,18.64,81600,18.65,췺콻,1521840,
23,600516,잏업,14:58:44,18.61,197500,18.61,霑,3675475,,,,,39,600516,잏업,14:57:50,18.65,80500,18.67,췺콻,1502935,
26,600516,잏업,14:58:32,18.63,42500,18.62,霑,791350,,,,,40,600516,잏업,14:57:40,18.65,51140,18.66,췺콻,954272.4,
28,600516,잏업,14:58:26,18.63,40642,18.63,霑,757160.46,,,,,43,600516,잏업,14:57:28,18.68,83500,18.69,췺콻,1560615,
29,600516,잏업,14:58:23,18.63,63800,18.61,霑,1187318,,,,,44,600516,잏업,14:57:25,18.69,76500,18.7,췺콻,1430550,
30,600516,잏업,14:58:17,18.63,40300,18.63,霑,750789,,,,,45,600516,잏업,14:57:19,18.68,46300,18.71,췺콻,866273,
32,600516,잏업,14:58:11,18.65,84880,18.65,霑,1583012,,,,,47,600516,잏업,14:57:13,18.7,75300,18.71,췺콻,1408863,
33,600516,잏업,14:58:08,18.65,127700,18.64,霑,2380328,,,,,48,600516,잏업,14:57:10,18.71,110600,18.72,췺콻,2070432,
36,600516,잏업,14:57:59,18.65,86451,18.65,霑,1612311.15,,,,,49,600516,잏업,14:57:04,18.71,52800,18.71,췺콻,987888,
41,600516,잏업,14:57:34,18.69,180400,18.69,霑,3371676,,,,,51,600516,잏업,14:56:49,18.7,55200,18.7,췺콻,1032240,
42,600516,잏업,14:57:31,18.69,114800,18.68,霑,2144464,,,,,53,600516,잏업,14:56:43,18.65,169995,18.68,췺콻,3175506.6,
46,600516,잏업,14:57:16,18.71,426700,18.7,霑,7979290,,,,,55,600516,잏업,14:56:34,18.66,62600,18.66,췺콻,1168116,
50,600516,잏업,14:56:55,18.7,55460,18.69,霑,1036547.4,,,,,56,600516,잏업,14:56:31,18.66,185900,18.66,췺콻,3468894,
52,600516,잏업,14:56:46,18.7,126500,18.65,霑,2359225,,,,,57,600516,잏업,14:56:28,18.66,53100,18.66,췺콻,990846,
58,600516,잏업,14:56:25,18.66,81500,18.62,霑,1517530,,,,,59,600516,잏업,14:56:19,18.62,113500,18.64,췺콻,2115640,
60,600516,잏업,14:56:16,18.64,134800,18.6,霑,2507280,,,,,61,600516,잏업,14:56:13,18.6,54820,18.62,췺콻,1020748.4,
62,600516,잏업,14:56:10,18.62,70700,18.59,霑,1314313,,,,,63,600516,잏업,14:56:07,18.59,42400,18.59,췺콻,788216,
66,600516,잏업,14:55:58,18.6,44000,18.59,霑,817960,,,,,64,600516,잏업,14:56:04,18.59,88200,18.59,췺콻,1639638,
67,600516,잏업,14:55:55,18.59,403500,18.57,霑,7492995,,,,,65,600516,잏업,14:56:01,18.59,111200,18.6,췺콻,2068320,
74,600516,잏업,14:55:34,18.55,160940,18.54,霑,2983827.6,,,,,70,600516,잏업,14:55:46,18.55,144400,18.55,췺콻,2678620,
76,600516,잏업,14:55:28,18.55,137200,18.54,霑,2543688,,,,,71,600516,잏업,14:55:43,18.55,60900,18.55,췺콻,1129695,
80,600516,잏업,14:55:16,18.57,142100,18.56,霑,2637376,,,,,73,600516,잏업,14:55:37,18.54,43300,18.55,췺콻,803215,
81,600516,잏업,14:55:13,18.56,175000,18.57,霑,3249750,,,,,75,600516,잏업,14:55:31,18.54,200600,18.55,췺콻,3721130,
82,600516,잏업,14:55:10,18.57,98500,18.57,霑,1829145,,,,,77,600516,잏업,14:55:25,18.54,105184,18.56,췺콻,1952215.04,
88,600516,잏업,14:54:52,18.56,113660,18.56,霑,2109529.6,,,,,78,600516,잏업,14:55:22,18.56,104400,18.56,췺콻,1937664,
90,600516,잏업,14:54:46,18.57,155000,18.56,霑,2876800,,,,,79,600516,잏업,14:55:19,18.56,181200,18.57,췺콻,3364884,
91,600516,잏업,14:54:43,18.56,112200,18.56,霑,2082432,,,,,83,600516,잏업,14:55:07,18.57,61756,18.56,췺콻,1146191.36,
93,600516,잏업,14:54:37,18.57,55300,18.57,霑,1026921,,,,,84,600516,잏업,14:55:04,18.56,161900,18.56,췺콻,3004864,
94,600516,잏업,14:54:34,18.57,53800,18.57,霑,999066,,,,,85,600516,잏업,14:55:01,18.56,81600,18.56,췺콻,1514496,
96,600516,잏업,14:54:28,18.58,192100,18.58,霑,3569218,,,,,86,600516,잏업,14:54:58,18.56,125000,18.56,췺콻,2320000,
97,600516,잏업,14:54:25,18.58,59700,18.58,霑,1109226,,,,,87,600516,잏업,14:54:55,18.56,47000,18.56,췺콻,872320,
99,600516,잏업,14:54:19,18.59,73300,18.59,霑,1362647,,,,,89,600516,잏업,14:54:49,18.56,129500,18.57,췺콻,2404815,
100,600516,잏업,14:54:16,18.59,83400,18.59,霑,1550406,,,,,95,600516,잏업,14:54:31,18.57,140600,18.58,췺콻,2612348,
103,600516,잏업,14:54:07,18.63,152300,18.62,霑,2835826,,,,,98,600516,잏업,14:54:22,18.58,128450,18.59,췺콻,2387885.5,
106,600516,잏업,14:53:49,18.6,225650,18.59,霑,4194833.5,,,,,101,600516,잏업,14:54:13,18.59,110000,18.62,췺콻,2048200,
108,600516,잏업,14:53:43,18.6,64400,18.58,霑,1196552,,,,,104,600516,잏업,14:53:58,18.6,139200,18.6,췺콻,2589120,
110,600516,잏업,14:53:34,18.59,197100,18.56,霑,3658176,,,,,105,600516,잏업,14:53:52,18.58,159900,18.6,췺콻,2974140,
112,600516,잏업,14:53:25,18.55,111317,18.55,霑,2064930.35,,,,,109,600516,잏업,14:53:40,18.58,45800,18.58,췺콻,850964,
113,600516,잏업,14:53:22,18.55,473700,18.53,霑,8777661,,,,,111,600516,잏업,14:53:27,18.55,144160,18.55,췺콻,2674168,
114,600516,잏업,14:53:19,18.53,502100,18.52,霑,9298892,,,,,117,600516,잏업,14:53:10,18.5,135400,18.51,췺콻,2506254,
115,600516,잏업,14:53:16,18.52,415257,18.51,霑,7686407.07,,,,,122,600516,잏업,14:52:54,18.5,247445,18.52,췺콻,4582681.4,
116,600516,잏업,14:53:12,18.51,101300,18.5,霑,1874050,,,,,124,600516,잏업,14:52:49,18.5,118400,18.51,췺콻,2191584,
119,600516,잏업,14:53:04,18.52,171800,18.5,霑,3178300,,,,,125,600516,잏업,14:52:46,18.51,221860,18.52,췺콻,4108847.2,
120,600516,잏업,14:53:01,18.5,207255,18.5,霑,3834217.5,,,,,131,600516,잏업,14:52:28,18.48,217600,18.5,췺콻,4025600,
121,600516,잏업,14:52:58,18.5,107800,18.5,霑,1994300,,,,,136,600516,잏업,14:52:10,18.47,579500,18.5,췺콻,10720750,
123,600516,잏업,14:52:52,18.52,161280,18.5,霑,2983680,,,,,137,600516,잏업,14:52:07,18.5,147900,18.5,췺콻,2736150,
126,600516,잏업,14:52:43,18.52,65400,18.52,霑,1211208,,,,,138,600516,잏업,14:52:03,18.5,201700,18.5,췺콻,3731450,
127,600516,잏업,14:52:39,18.52,105000,18.5,霑,1942500,,,,,143,600516,잏업,14:51:49,18.46,98000,18.48,췺콻,1811040,
128,600516,잏업,14:52:37,18.5,235115,18.5,霑,4349627.5,,,,,145,600516,잏업,14:51:42,18.46,106700,18.48,췺콻,1971816,
129,600516,잏업,14:52:33,18.5,184100,18.5,霑,3405850,,,,,149,600516,잏업,14:51:29,18.48,87600,18.49,췺콻,1619724,
130,600516,잏업,14:52:30,18.5,244100,18.48,霑,4510968,,,,,150,600516,잏업,14:51:26,18.49,605400,18.5,췺콻,11199900,
132,600516,잏업,14:52:24,18.5,179300,18.5,霑,3317050,,,,,153,600516,잏업,14:51:17,18.5,870000,18.53,췺콻,16121100,
133,600516,잏업,14:52:22,18.5,210400,18.5,霑,3892400,,,,,155,600516,잏업,14:51:11,18.5,129200,18.53,췺콻,2394076,
134,600516,잏업,14:52:16,18.5,317600,18.51,霑,5878776,,,,,159,600516,잏업,14:50:59,18.54,83500,18.55,췺콻,1548925,
139,600516,잏업,14:52:00,18.5,608889,18.46,霑,11240090.94,,,,,162,600516,잏업,14:50:47,18.55,455983,18.59,췺콻,8476723.97,
140,600516,잏업,14:51:58,18.46,591200,18.47,霑,10919464,,,,,164,600516,잏업,14:50:38,18.58,115400,18.59,췺콻,2145286,
141,600516,잏업,14:51:54,18.47,129500,18.46,霑,2390570,,,,,166,600516,잏업,14:50:32,18.58,111800,18.6,췺콻,2079480,
142,600516,잏업,14:51:51,18.46,338800,18.46,霑,6254248,,,,,169,600516,잏업,14:50:20,18.6,96000,18.61,췺콻,1786560,
144,600516,잏업,14:51:45,18.48,74000,18.46,霑,1366040,,,,,171,600516,잏업,14:50:14,18.59,156844,18.61,췺콻,2918866.84,
146,600516,잏업,14:51:38,18.48,349300,18.48,霑,6455064,,,,,172,600516,잏업,14:50:11,18.61,375100,18.61,췺콻,6980611,
147,600516,잏업,14:51:35,18.48,129400,18.48,霑,2391312,,,,,175,600516,잏업,14:50:02,18.62,104400,18.63,췺콻,1944972,
148,600516,잏업,14:51:32,18.48,173100,18.48,霑,3198888,,,,,176,600516,잏업,14:49:56,18.63,255500,18.63,췺콻,4759965,
151,600516,잏업,14:51:23,18.5,74400,18.5,霑,1376400,,,,,177,600516,잏업,14:49:50,18.61,151500,18.63,췺콻,2822445,
152,600516,잏업,14:51:20,18.5,231500,18.5,霑,4282750,,,,,178,600516,잏업,14:49:47,18.63,86300,18.63,췺콻,1607769,
154,600516,잏업,14:51:14,18.53,232700,18.5,霑,4304950,,,,,179,600516,잏업,14:49:41,18.61,124700,18.64,췺콻,2324408,
157,600516,잏업,14:51:05,18.54,121777,18.54,霑,2257745.58,,,,,180,600516,잏업,14:49:35,18.6,81500,18.6,췺콻,1515900,
158,600516,잏업,14:51:02,18.54,452000,18.54,霑,8380080,,,,,184,600516,잏업,14:49:20,18.6,873388,18.67,췺콻,16306153.96,
160,600516,잏업,14:50:56,18.55,121900,18.55,霑,2261245,,,,,186,600516,잏업,14:49:11,18.66,68900,18.66,췺콻,1285674,
161,600516,잏업,14:50:50,18.55,285200,18.55,霑,5290460,,,,,188,600516,잏업,14:49:05,18.66,87200,18.69,췺콻,1629768,
163,600516,잏업,14:50:41,18.59,655600,18.58,霑,12181048,,,,,190,600516,잏업,14:48:59,18.68,93700,18.68,췺콻,1750316,
165,600516,잏업,14:50:35,18.59,57100,18.58,霑,1060918,,,,,191,600516,잏업,14:48:50,18.68,71400,18.7,췺콻,1335180,
168,600516,잏업,14:50:23,18.6,120000,18.6,霑,2232000,,,,,193,600516,잏업,14:48:41,18.68,51000,18.68,췺콻,952680,
170,600516,잏업,14:50:17,18.61,154000,18.59,霑,2862860,,,,,194,600516,잏업,14:48:38,18.68,63200,18.69,췺콻,1181208,
174,600516,잏업,14:50:05,18.62,224900,18.62,霑,4187638,,,,,195,600516,잏업,14:48:35,18.69,54872,18.7,췺콻,1026106.4,
181,600516,잏업,14:49:32,18.6,66756,18.6,霑,1241661.6,,,,,196,600516,잏업,14:48:32,18.7,90200,18.7,췺콻,1686740,
182,600516,잏업,14:49:29,18.6,118400,18.6,霑,2202240,,,,,198,600516,잏업,14:48:26,18.69,52100,18.69,췺콻,973749,
183,600516,잏업,14:49:23,18.6,51500,18.6,霑,957900,,,,,199,600516,잏업,14:48:20,18.69,40100,18.7,췺콻,749870,
185,600516,잏업,14:49:14,18.66,63800,18.66,霑,1190508,,,,,202,600516,잏업,14:48:02,18.68,75500,18.69,췺콻,1411095,
187,600516,잏업,14:49:08,18.66,57600,18.66,霑,1074816,,,,,203,600516,잏업,14:47:56,18.66,94000,18.66,췺콻,1754040,
189,600516,잏업,14:49:02,18.69,146500,18.68,霑,2736620,,,,,204,600516,잏업,14:47:53,18.66,110900,18.66,췺콻,2069394,
192,600516,잏업,14:48:44,18.7,57600,18.68,霑,1075968,,,,,212,600516,잏업,14:47:29,18.58,312288,18.61,췺콻,5811679.68,
197,600516,잏업,14:48:29,18.7,64728,18.69,霑,1209766.32,,,,,214,600516,잏업,14:47:23,18.6,74388,18.61,췺콻,1384360.68,
200,600516,잏업,14:48:17,18.7,82800,18.7,霑,1548360,,,,,216,600516,잏업,14:47:14,18.6,52900,18.64,췺콻,986056,
201,600516,잏업,14:48:08,18.69,42000,18.68,霑,784560,,,,,218,600516,잏업,14:47:05,18.63,216200,18.68,췺콻,4038616,
205,600516,잏업,14:47:50,18.66,205500,18.63,霑,3828465,,,,,220,600516,잏업,14:46:59,18.67,61100,18.68,췺콻,1141348,
208,600516,잏업,14:47:41,18.61,250900,18.6,霑,4666740,,,,,221,600516,잏업,14:46:53,18.69,63012,18.7,췺콻,1178324.4,
209,600516,잏업,14:47:38,18.6,348312,18.59,霑,6475120.08,,,,,222,600516,잏업,14:46:44,18.69,52896,18.73,췺콻,990742.08,
211,600516,잏업,14:47:32,18.6,108900,18.58,霑,2023362,,,,,224,600516,잏업,14:46:38,18.7,46100,18.72,췺콻,862992,
213,600516,잏업,14:47:26,18.61,186612,18.6,霑,3470983.2,,,,,231,600516,잏업,14:45:56,18.74,48800,18.78,췺콻,916464,
215,600516,잏업,14:47:20,18.61,167800,18.61,霑,3122758,,,,,232,600516,잏업,14:45:50,18.75,47100,18.78,췺콻,884538,
217,600516,잏업,14:47:11,18.64,535300,18.64,霑,9977992,,,,,234,600516,잏업,14:45:26,18.76,97500,18.77,췺콻,1830075,
219,600516,잏업,14:47:02,18.68,81400,18.67,霑,1519738,,,,,235,600516,잏업,14:45:20,18.74,218100,18.79,췺콻,4098099,
223,600516,잏업,14:46:41,18.73,100900,18.7,霑,1886830,,,,,236,600516,잏업,14:45:11,18.76,47800,18.77,췺콻,897206,
226,600516,잏업,14:46:32,18.74,385900,18.73,霑,7227907,,,,,239,600516,잏업,14:44:56,18.75,49740,18.75,췺콻,932625,
227,600516,잏업,14:46:26,18.74,54500,18.74,霑,1021330,,,,,242,600516,잏업,14:44:44,18.72,53581,18.72,췺콻,1003036.32,
228,600516,잏업,14:46:19,18.75,61300,18.75,霑,1149375,,,,,243,600516,잏업,14:44:41,18.72,95200,18.74,췺콻,1784048,
229,600516,잏업,14:46:14,18.75,46700,18.75,霑,875625,,,,,247,600516,잏업,14:44:26,18.7,96920,18.7,췺콻,1812404,
230,600516,잏업,14:46:08,18.74,54200,18.74,霑,1015708,,,,,249,600516,잏업,14:44:17,18.67,47700,18.69,췺콻,891513,
233,600516,잏업,14:45:35,18.79,77400,18.78,霑,1453572,,,,,250,600516,잏업,14:44:11,18.69,49957,18.72,췺콻,935195.04,
238,600516,잏업,14:44:59,18.77,72700,18.75,霑,1363125,,,,,255,600516,잏업,14:43:44,18.72,45200,18.73,췺콻,846596,
240,600516,잏업,14:44:53,18.75,48260,18.75,霑,904875,,,,,256,600516,잏업,14:43:35,18.73,40100,18.73,췺콻,751073,
241,600516,잏업,14:44:50,18.75,46700,18.74,霑,875158,,,,,257,600516,잏업,14:43:26,18.73,41200,18.74,췺콻,772088,
244,600516,잏업,14:44:38,18.74,86200,18.73,霑,1614526,,,,,259,600516,잏업,14:43:11,18.73,566700,18.74,췺콻,10619958,
245,600516,잏업,14:44:35,18.73,77300,18.72,霑,1447056,,,,,260,600516,잏업,14:43:08,18.74,42100,18.74,췺콻,788954,
246,600516,잏업,14:44:29,18.71,77900,18.7,霑,1456730,,,,,261,600516,잏업,14:43:02,18.73,73180,18.74,췺콻,1371393.2,
248,600516,잏업,14:44:23,18.7,121043,18.7,霑,2263504.1,,,,,265,600516,잏업,14:42:26,18.76,49600,18.78,췺콻,931488,
251,600516,잏업,14:44:08,18.72,72500,18.71,霑,1356475,,,,,267,600516,잏업,14:42:08,18.8,71000,18.8,췺콻,1334800,
252,600516,잏업,14:44:02,18.72,146270,18.72,霑,2738174.4,,,,,268,600516,잏업,14:42:05,18.8,49200,18.8,췺콻,924960,
253,600516,잏업,14:43:59,18.72,49900,18.72,霑,934128,,,,,269,600516,잏업,14:41:26,18.73,55200,18.73,췺콻,1033896,
254,600516,잏업,14:43:50,18.72,45700,18.72,霑,855504,,,,,275,600516,잏업,14:41:05,18.67,71500,18.67,췺콻,1334905,
258,600516,잏업,14:43:20,18.73,43200,18.72,霑,808704,,,,,279,600516,잏업,14:40:53,18.66,268500,18.69,췺콻,5018265,
262,600516,잏업,14:42:59,18.74,101900,18.74,霑,1909606,,,,,281,600516,잏업,14:40:44,18.67,270600,18.68,췺콻,5054808,
264,600516,잏업,14:42:29,18.8,118200,18.76,霑,2217432,,,,,282,600516,잏업,14:40:41,18.68,67500,18.7,췺콻,1262250,
270,600516,잏업,14:41:20,18.8,112340,18.71,霑,2101881.4,,,,,285,600516,잏업,14:40:28,18.7,178000,18.72,췺콻,3332160,
271,600516,잏업,14:41:17,18.71,66000,18.7,霑,1234200,,,,,287,600516,잏업,14:40:22,18.72,69500,18.73,췺콻,1301735,
274,600516,잏업,14:41:08,18.7,176500,18.67,霑,3295255,,,,,288,600516,잏업,14:40:16,18.73,138200,18.78,췺콻,2595396,
277,600516,잏업,14:40:59,18.66,96300,18.66,霑,1796958,,,,,289,600516,잏업,14:40:13,18.78,48500,18.79,췺콻,911315,
278,600516,잏업,14:40:56,18.66,96200,18.66,霑,1795092,,,,,290,600516,잏업,14:39:58,18.8,66100,18.85,췺콻,1245985,
280,600516,잏업,14:40:50,18.69,65500,18.67,霑,1222885,,,,,291,600516,잏업,14:39:52,18.81,180300,18.85,췺콻,3398655,
283,600516,잏업,14:40:38,18.7,63300,18.7,霑,1183710,,,,,293,600516,잏업,14:39:31,18.86,82000,18.9,췺콻,1549800,
284,600516,잏업,14:40:32,18.7,136300,18.7,霑,2548810,,,,,296,600516,잏업,14:39:16,18.92,132400,18.94,췺콻,2507656,
286,600516,잏업,14:40:25,18.72,56600,18.72,霑,1059552,,,,,299,600516,잏업,14:38:07,18.9,77400,18.9,췺콻,1462860,
292,600516,잏업,14:39:43,18.88,80600,18.88,霑,1521728,,,,,302,600516,잏업,14:37:31,18.92,58700,18.93,췺콻,1111191,
295,600516,잏업,14:39:19,18.92,85900,18.92,霑,1625228,,,,,304,600516,잏업,14:37:04,18.86,224000,18.86,췺콻,4224640,
297,600516,잏업,14:39:07,18.94,128300,18.94,霑,2430002,,,,,305,600516,잏업,14:37:01,18.86,152900,18.86,췺콻,2883694,
298,600516,잏업,14:39:01,18.95,59900,18.95,霑,1135105,,,,,306,600516,잏업,14:36:58,18.86,44400,18.86,췺콻,837384,
300,600516,잏업,14:37:58,18.9,42100,18.9,霑,795690,,,,,310,600516,잏업,14:36:40,18.86,40740,18.88,췺콻,769171.2,
301,600516,잏업,14:37:40,18.95,46600,18.92,霑,881672,,,,,311,600516,잏업,14:36:27,18.88,62000,18.89,췺콻,1171180,
307,600516,잏업,14:36:55,18.86,128300,18.86,霑,2419738,,,,,315,600516,잏업,14:35:48,18.97,68400,18.98,췺콻,1298232,
308,600516,잏업,14:36:52,18.86,89400,18.86,霑,1686084,,,,,317,600516,잏업,14:35:30,18.97,45400,18.99,췺콻,862146,
309,600516,잏업,14:36:43,18.86,43400,18.86,霑,818524,,,,,322,600516,잏업,14:35:06,18.99,146380,19.02,췺콻,2784147.6,
312,600516,잏업,14:36:12,18.9,40100,18.9,霑,757890,,,,,324,600516,잏업,14:34:57,19.01,79100,19.01,췺콻,1503691,
313,600516,잏업,14:36:04,18.95,72000,18.95,霑,1364400,,,,,325,600516,잏업,14:34:48,19,60700,19,췺콻,1153300,
314,600516,잏업,14:35:51,18.98,93200,18.97,霑,1768004,,,,,328,600516,잏업,14:34:34,18.9,384840,18.99,췺콻,7308111.6,
318,600516,잏업,14:35:27,18.99,93800,18.98,霑,1780324,,,,,334,600516,잏업,14:34:15,18.99,159780,19.05,췺콻,3043809,
319,600516,잏업,14:35:18,18.99,61100,18.99,霑,1160289,,,,,336,600516,잏업,14:34:09,19,154500,19,췺콻,2935500,
321,600516,잏업,14:35:09,19,68700,18.99,霑,1304613,,,,,338,600516,잏업,14:33:59,18.97,66400,18.99,췺콻,1260936,
323,600516,잏업,14:35:04,19.02,337000,19.01,霑,6406370,,,,,341,600516,잏업,14:33:35,18.9,48460,18.9,췺콻,915894,
326,600516,잏업,14:34:45,19,267820,18.97,霑,5080545.4,,,,,343,600516,잏업,14:33:13,18.87,59800,18.88,췺콻,1129024,
327,600516,잏업,14:34:36,18.95,66600,18.9,霑,1258740,,,,,344,600516,잏업,14:32:58,18.82,167000,18.85,췺콻,3147950,
329,600516,잏업,14:34:30,18.99,46800,18.98,霑,888264,,,,,345,600516,잏업,14:32:52,18.82,48600,18.85,췺콻,916110,
330,600516,잏업,14:34:27,18.98,47400,18.97,霑,899178,,,,,348,600516,잏업,14:32:29,18.81,45160,18.81,췺콻,849459.6,
332,600516,잏업,14:34:21,19,249800,18.99,霑,4743702,,,,,349,600516,잏업,14:32:08,18.78,144100,18.81,췺콻,2710521,
333,600516,잏업,14:34:18,18.99,142800,18.99,霑,2711772,,,,,351,600516,잏업,14:31:56,18.8,43278,18.81,췺콻,814059.18,
335,600516,잏업,14:34:12,19.05,153900,19,霑,2924100,,,,,352,600516,잏업,14:31:50,18.8,58380,18.8,췺콻,1097544,
337,600516,잏업,14:34:02,19,60120,18.97,霑,1140476.4,,,,,353,600516,잏업,14:31:43,18.8,81400,18.8,췺콻,1530320,
339,600516,잏업,14:33:56,18.99,347300,18.98,霑,6591754,,,,,356,600516,잏업,14:31:29,18.78,41700,18.79,췺콻,783543,
340,600516,잏업,14:33:47,18.95,42500,18.94,霑,804950,,,,,358,600516,잏업,14:31:20,18.77,49100,18.78,췺콻,922098,
342,600516,잏업,14:33:28,18.9,98100,18.9,霑,1854090,,,,,365,600516,잏업,14:30:22,18.74,188980,18.8,췺콻,3552824,
346,600516,잏업,14:32:49,18.85,99200,18.84,霑,1868928,,,,,367,600516,잏업,14:30:13,18.76,252200,18.76,췺콻,4731272,
347,600516,잏업,14:32:35,18.84,79000,18.82,霑,1486780,,,,,368,600516,잏업,14:30:08,18.75,41900,18.79,췺콻,787301,
350,600516,잏업,14:31:58,18.8,164100,18.8,霑,3085080,,,,,369,600516,잏업,14:30:05,18.79,195900,18.79,췺콻,3680961,
354,600516,잏업,14:31:40,18.8,60720,18.78,霑,1140321.6,,,,,371,600516,잏업,14:29:58,18.72,49400,18.73,췺콻,925262,
357,600516,잏업,14:31:26,18.79,168000,18.76,霑,3151680,,,,,373,600516,잏업,14:29:47,18.73,176000,18.72,췺콻,3294720,
360,600516,잏업,14:31:04,18.78,69300,18.78,霑,1301454,,,,,374,600516,잏업,14:29:43,18.72,387500,18.73,췺콻,7257875,
361,600516,잏업,14:30:47,18.8,70700,18.8,霑,1329160,,,,,377,600516,잏업,14:29:32,18.75,49100,18.76,췺콻,921116,
362,600516,잏업,14:30:41,18.79,49500,18.8,霑,930600,,,,,379,600516,잏업,14:29:26,18.76,153360,18.79,췺콻,2881634.4,
363,600516,잏업,14:30:38,18.8,69500,18.79,霑,1305905,,,,,380,600516,잏업,14:29:16,18.77,58540,18.77,췺콻,1098795.8,
364,600516,잏업,14:30:29,18.8,126900,18.74,霑,2378106,,,,,381,600516,잏업,14:29:10,18.8,149980,18.8,췺콻,2819624,
366,600516,잏업,14:30:17,18.81,60820,18.76,霑,1140983.2,,,,,385,600516,잏업,14:28:53,18.76,70200,18.76,췺콻,1316952,
370,600516,잏업,14:30:02,18.79,276980,18.72,霑,5185065.6,,,,,387,600516,잏업,14:28:35,18.68,142000,18.68,췺콻,2652560,
372,600516,잏업,14:29:56,18.73,41400,18.73,霑,775422,,,,,393,600516,잏업,14:28:17,18.62,87600,18.63,췺콻,1631988,
375,600516,잏업,14:29:38,18.76,172100,18.76,霑,3228596,,,,,396,600516,잏업,14:28:04,18.6,40400,18.6,췺콻,751440,
376,600516,잏업,14:29:34,18.76,60100,18.75,霑,1126875,,,,,399,600516,잏업,14:27:56,18.58,141320,18.58,췺콻,2625725.6,
378,600516,잏업,14:29:29,18.76,42100,18.76,霑,789796,,,,,402,600516,잏업,14:27:47,18.56,212700,18.57,췺콻,3949839,
382,600516,잏업,14:29:05,18.8,140720,18.76,霑,2639907.2,,,,,404,600516,잏업,14:27:41,18.55,203800,18.55,췺콻,3780490,
384,600516,잏업,14:28:59,18.77,50500,18.76,霑,947380,,,,,405,600516,잏업,14:27:37,18.55,454805,18.55,췺콻,8436632.75,
386,600516,잏업,14:28:50,18.76,261600,18.7,霑,4891920,,,,,406,600516,잏업,14:27:35,18.55,165940,18.56,췺콻,3079846.4,
388,600516,잏업,14:28:32,18.68,60800,18.66,霑,1134528,,,,,408,600516,잏업,14:27:28,18.53,236700,18.53,췺콻,4386051,
389,600516,잏업,14:28:29,18.66,94960,18.66,霑,1771953.6,,,,,409,600516,잏업,14:27:26,18.53,272200,18.56,췺콻,5052032,
390,600516,잏업,14:28:25,18.66,78900,18.66,霑,1472274,,,,,410,600516,잏업,14:27:23,18.56,544400,18.58,췺콻,10114952,
391,600516,잏업,14:28:23,18.66,127180,18.66,霑,2373178.8,,,,,414,600516,잏업,14:27:10,18.56,52600,18.6,췺콻,978360,
392,600516,잏업,14:28:19,18.66,88100,18.62,霑,1640422,,,,,416,600516,잏업,14:27:04,18.57,92800,18.59,췺콻,1725152,
394,600516,잏업,14:28:13,18.63,121980,18.62,霑,2271267.6,,,,,417,600516,잏업,14:27:01,18.59,609900,18.61,췺콻,11350239,
395,600516,잏업,14:28:10,18.62,62400,18.62,霑,1161888,,,,,418,600516,잏업,14:26:58,18.61,224000,18.61,췺콻,4168640,
398,600516,잏업,14:27:58,18.61,539100,18.58,霑,10016478,,,,,419,600516,잏업,14:26:55,18.61,92900,18.62,췺콻,1729798,
400,600516,잏업,14:27:53,18.58,616900,18.57,霑,11455833,,,,,421,600516,잏업,14:26:49,18.62,120300,18.68,췺콻,2247204,
401,600516,잏업,14:27:49,18.57,242096,18.56,霑,4493301.76,,,,,422,600516,잏업,14:26:46,18.68,265700,18.7,췺콻,4968590,
403,600516,잏업,14:27:44,18.57,534101,18.55,霑,9907573.55,,,,,423,600516,잏업,14:26:44,18.7,63423,18.7,췺콻,1186010.1,
407,600516,잏업,14:27:32,18.56,135000,18.53,霑,2501550,,,,,424,600516,잏업,14:26:41,18.7,447300,18.73,췺콻,8377929,
411,600516,잏업,14:27:19,18.58,110400,18.57,霑,2050128,,,,,428,600516,잏업,14:26:29,18.73,171507,18.75,췺콻,3215756.25,
412,600516,잏업,14:27:17,18.57,276300,18.57,霑,5130891,,,,,429,600516,잏업,14:26:25,18.75,43000,18.77,췺콻,807110,
413,600516,잏업,14:27:13,18.57,324600,18.56,霑,6024576,,,,,434,600516,잏업,14:25:46,18.8,108553,18.82,췺콻,2042967.46,
415,600516,잏업,14:27:07,18.6,415500,18.57,霑,7715835,,,,,439,600516,잏업,14:25:26,18.84,127900,18.85,췺콻,2410915,
420,600516,잏업,14:26:52,18.62,50300,18.62,霑,936586,,,,,440,600516,잏업,14:25:23,18.85,60100,18.86,췺콻,1133486,
425,600516,잏업,14:26:38,18.73,57900,18.72,霑,1083888,,,,,444,600516,잏업,14:25:08,18.85,88500,18.85,췺콻,1668225,
427,600516,잏업,14:26:31,18.73,266793,18.73,霑,4997032.89,,,,,449,600516,잏업,14:24:13,18.8,51920,18.82,췺콻,977134.4,
432,600516,잏업,14:26:01,18.8,194900,18.8,霑,3664120,,,,,453,600516,잏업,14:23:59,18.8,74600,18.8,췺콻,1402480,
433,600516,잏업,14:25:53,18.8,114500,18.79,霑,2151455,,,,,454,600516,잏업,14:23:55,18.8,51200,18.8,췺콻,962560,
435,600516,잏업,14:25:37,18.82,84200,18.83,霑,1585486,,,,,456,600516,잏업,14:23:46,18.78,129900,18.79,췺콻,2440821,
437,600516,잏업,14:25:31,18.85,70600,18.84,霑,1330104,,,,,459,600516,잏업,14:23:37,18.77,64000,18.79,췺콻,1202560,
438,600516,잏업,14:25:29,18.84,73200,18.84,霑,1379088,,,,,462,600516,잏업,14:23:28,18.76,101700,18.77,췺콻,1908909,
441,600516,잏업,14:25:19,18.86,63000,18.85,霑,1187550,,,,,464,600516,잏업,14:23:22,18.76,234500,18.77,췺콻,4401565,
442,600516,잏업,14:25:13,18.85,75700,18.85,霑,1426945,,,,,466,600516,잏업,14:23:16,18.76,79800,18.77,췺콻,1497846,
443,600516,잏업,14:25:11,18.85,86500,18.85,霑,1630525,,,,,468,600516,잏업,14:23:11,18.77,249900,18.78,췺콻,4693122,
445,600516,잏업,14:24:53,18.84,46600,18.82,霑,877012,,,,,476,600516,잏업,14:22:47,18.78,104200,18.81,췺콻,1960002,
446,600516,잏업,14:24:38,18.83,46100,18.81,霑,867141,,,,,479,600516,잏업,14:22:37,18.78,134400,18.8,췺콻,2526720,
447,600516,잏업,14:24:31,18.81,185747,18.81,霑,3493901.07,,,,,480,600516,잏업,14:22:31,18.78,200500,18.78,췺콻,3765390,
448,600516,잏업,14:24:19,18.81,111147,18.8,霑,2089563.6,,,,,481,600516,잏업,14:22:28,18.78,107920,18.8,췺콻,2028896,
450,600516,잏업,14:24:10,18.82,90480,18.8,霑,1701024,,,,,483,600516,잏업,14:22:22,18.75,182500,18.8,췺콻,3431000,
451,600516,잏업,14:24:04,18.81,59700,18.81,霑,1122957,,,,,485,600516,잏업,14:22:16,18.75,67700,18.76,췺콻,1270052,
452,600516,잏업,14:24:01,18.81,154200,18.8,霑,2898960,,,,,487,600516,잏업,14:22:10,18.75,65400,18.76,췺콻,1226904,
455,600516,잏업,14:23:49,18.8,83369,18.78,霑,1565669.82,,,,,488,600516,잏업,14:22:07,18.76,181777,18.8,췺콻,3417407.6,
457,600516,잏업,14:23:43,18.79,476204,18.77,霑,8938349.08,,,,,489,600516,잏업,14:22:04,18.8,237000,18.8,췺콻,4455600,
458,600516,잏업,14:23:40,18.77,147700,18.77,霑,2772329,,,,,492,600516,잏업,14:21:55,18.75,312400,18.8,췺콻,5873120,
460,600516,잏업,14:23:34,18.79,90200,18.77,霑,1693054,,,,,493,600516,잏업,14:21:52,18.8,201017,18.81,췺콻,3781129.77,
463,600516,잏업,14:23:25,18.77,176900,18.76,霑,3318644,,,,,494,600516,잏업,14:21:49,18.81,622300,18.81,췺콻,11705463,
465,600516,잏업,14:23:20,18.77,46800,18.76,霑,877968,,,,,495,600516,잏업,14:21:46,18.81,203400,18.83,췺콻,3830022,
467,600516,잏업,14:23:13,18.77,42100,18.77,霑,790217,,,,,497,600516,잏업,14:21:37,18.83,221600,18.88,췺콻,4183808,
469,600516,잏업,14:23:08,18.78,102600,18.78,霑,1926828,,,,,498,600516,잏업,14:21:34,18.88,42300,18.89,췺콻,799047,
470,600516,잏업,14:23:04,18.78,76800,18.78,霑,1442304,,,,,502,600516,잏업,14:21:16,18.89,68100,18.9,췺콻,1287090,
472,600516,잏업,14:22:58,18.79,101000,18.78,霑,1896780,,,,,504,600516,잏업,14:21:04,18.9,67400,18.91,췺콻,1274534,
474,600516,잏업,14:22:52,18.79,43600,18.79,霑,819244,,,,,505,600516,잏업,14:21:01,18.91,132200,18.94,췺콻,2503868,
475,600516,잏업,14:22:49,18.79,241120,18.78,霑,4528233.6,,,,,506,600516,잏업,14:20:55,18.93,82000,18.94,췺콻,1553080,
477,600516,잏업,14:22:44,18.81,228400,18.8,霑,4293920,,,,,507,600516,잏업,14:20:52,18.94,48800,18.94,췺콻,924272,
478,600516,잏업,14:22:40,18.8,204500,18.78,霑,3840510,,,,,510,600516,잏업,14:20:19,18.93,70400,18.97,췺콻,1335488,
484,600516,잏업,14:22:19,18.8,291284,18.75,霑,5461575,,,,,511,600516,잏업,14:20:04,18.97,72800,18.99,췺콻,1382472,
486,600516,잏업,14:22:13,18.76,168760,18.75,霑,3164250,,,,,513,600516,잏업,14:19:55,18.95,75200,18.99,췺콻,1428048,
490,600516,잏업,14:22:01,18.8,226883,18.78,霑,4260862.74,,,,,514,600516,잏업,14:19:30,18.96,166900,19.02,췺콻,3174438,
491,600516,잏업,14:21:58,18.78,286500,18.75,霑,5371875,,,,,515,600516,잏업,14:19:25,18.98,45200,18.99,췺콻,858348,
496,600516,잏업,14:21:40,18.86,49600,18.83,霑,933968,,,,,519,600516,잏업,14:18:55,18.94,128400,19,췺콻,2439600,
499,600516,잏업,14:21:31,18.89,67200,18.89,霑,1269408,,,,,520,600516,잏업,14:18:46,19,89600,19,췺콻,1702400,
500,600516,잏업,14:21:28,18.89,66500,18.89,霑,1256185,,,,,522,600516,잏업,14:18:39,18.94,122100,18.95,췺콻,2313795,
508,600516,잏업,14:20:42,18.95,102800,18.95,霑,1948060,,,,,523,600516,잏업,14:18:37,18.95,46500,18.97,췺콻,882105,
512,600516,잏업,14:20:01,18.99,40400,18.98,霑,766792,,,,,525,600516,잏업,14:18:30,18.97,47300,18.97,췺콻,897281,
516,600516,잏업,14:19:22,18.99,58700,18.99,霑,1114713,,,,,526,600516,잏업,14:18:21,18.97,113700,18.97,췺콻,2156889,
518,600516,잏업,14:18:58,18.99,101100,18.94,霑,1914834,,,,,527,600516,잏업,14:18:15,18.9,205200,18.9,췺콻,3878280,
521,600516,잏업,14:18:43,19,120560,18.94,霑,2283406.4,,,,,528,600516,잏업,14:18:12,18.9,60000,18.95,췺콻,1137000,
524,600516,잏업,14:18:33,18.97,60700,18.97,霑,1151479,,,,,530,600516,잏업,14:18:06,18.91,91700,18.91,췺콻,1734047,
534,600516,잏업,14:17:51,18.9,98400,18.86,霑,1855824,,,,,532,600516,잏업,14:17:57,18.87,80900,18.87,췺콻,1526583,
537,600516,잏업,14:17:42,18.87,139700,18.85,霑,2633345,,,,,533,600516,잏업,14:17:54,18.87,93700,18.9,췺콻,1770930,
538,600516,잏업,14:17:39,18.85,444000,18.85,霑,8369400,,,,,535,600516,잏업,14:17:48,18.86,223100,18.88,췺콻,4212128,
539,600516,잏업,14:17:36,18.85,193800,18.83,霑,3649254,,,,,541,600516,잏업,14:17:30,18.82,196800,18.85,췺콻,3709680,
540,600516,잏업,14:17:33,18.83,168700,18.82,霑,3174934,,,,,543,600516,잏업,14:17:24,18.83,225800,18.85,췺콻,4256330,
542,600516,잏업,14:17:27,18.85,216200,18.83,霑,4071046,,,,,544,600516,잏업,14:17:21,18.85,70100,18.86,췺콻,1322086,
545,600516,잏업,14:17:18,18.86,116400,18.86,霑,2195304,,,,,547,600516,잏업,14:17:12,18.85,122363,18.86,췺콻,2307766.18,
546,600516,잏업,14:17:15,18.86,301300,18.85,霑,5679505,,,,,548,600516,잏업,14:17:09,18.86,67537,18.87,췺콻,1274423.19,
549,600516,잏업,14:17:03,18.9,181600,18.88,霑,3428608,,,,,550,600516,잏업,14:17:00,18.88,388600,18.95,췺콻,7363970,
551,600516,잏업,14:16:57,18.95,101600,18.9,霑,1920240,,,,,552,600516,잏업,14:16:54,18.9,295400,18.93,췺콻,5591922,
554,600516,잏업,14:16:45,18.97,49900,18.94,霑,945106,,,,,555,600516,잏업,14:16:42,18.94,158400,18.99,췺콻,3008016,
556,600516,잏업,14:16:39,18.99,141600,18.99,霑,2688984,,,,,557,600516,잏업,14:16:36,18.99,235340,19,췺콻,4471460,
560,600516,잏업,14:16:27,19.03,79200,19.03,霑,1507176,,,,,558,600516,잏업,14:16:33,19,564700,19.02,췺콻,10740594,
561,600516,잏업,14:16:24,19.03,82300,19.02,霑,1565346,,,,,562,600516,잏업,14:16:15,19.03,45200,19.04,췺콻,860608,
564,600516,잏업,14:16:00,19.08,71100,19.06,霑,1355166,,,,,563,600516,잏업,14:16:09,19.04,42380,19.05,췺콻,807339,
570,600516,잏업,14:14:49,19.08,233900,19.02,霑,4448778,,,,,565,600516,잏업,14:15:46,19.05,102800,19.08,췺콻,1961424,
573,600516,잏업,14:14:22,19.05,92200,19.01,霑,1752722,,,,,566,600516,잏업,14:15:31,19.05,41200,19.08,췺콻,786096,
576,600516,잏업,14:14:10,19.02,46000,19,霑,874000,,,,,567,600516,잏업,14:15:22,19.08,66000,19.1,췺콻,1260600,
577,600516,잏업,14:14:07,19,94900,19,霑,1803100,,,,,568,600516,잏업,14:15:07,19.04,81700,19.05,췺콻,1556385,
578,600516,잏업,14:14:01,19,64600,19,霑,1227400,,,,,569,600516,잏업,14:15:01,19.05,45200,19.05,췺콻,861060,
581,600516,잏업,14:13:52,19.04,143200,19.03,霑,2725096,,,,,571,600516,잏업,14:14:46,19.02,53100,19.04,췺콻,1011024,
582,600516,잏업,14:13:49,19.03,486500,19.03,霑,9258095,,,,,572,600516,잏업,14:14:25,19,112960,19.05,췺콻,2151888,
586,600516,잏업,14:13:28,19.08,47300,19.08,霑,902484,,,,,574,600516,잏업,14:14:19,19.01,83500,19.01,췺콻,1587335,
587,600516,잏업,14:13:25,19.08,71700,19.07,霑,1367319,,,,,579,600516,잏업,14:13:58,19,143700,19.03,췺콻,2734611,
591,600516,잏업,14:13:13,19.1,140800,19.1,霑,2689280,,,,,584,600516,잏업,14:13:37,19.05,131000,19.05,췺콻,2495550,
592,600516,잏업,14:13:04,19.09,57400,19.08,霑,1095192,,,,,585,600516,잏업,14:13:34,19.05,44600,19.08,췺콻,850968,
595,600516,잏업,14:12:55,19.12,43700,19.06,霑,832922,,,,,589,600516,잏업,14:13:19,19.05,65900,19.05,췺콻,1255395,
597,600516,잏업,14:12:46,19.08,147200,19.08,霑,2808576,,,,,590,600516,잏업,14:13:16,19.05,69000,19.1,췺콻,1317900,
598,600516,잏업,14:12:43,19.08,51700,19.06,霑,985402,,,,,593,600516,잏업,14:13:01,19.08,73200,19.1,췺콻,1398120,
599,600516,잏업,14:12:40,19.06,84200,19.05,霑,1604010,,,,,594,600516,잏업,14:12:58,19.1,68400,19.12,췺콻,1307808,
600,600516,잏업,14:12:37,19.05,60000,19.04,霑,1142400,,,,,596,600516,잏업,14:12:52,19.06,137500,19.1,췺콻,2626250,
602,600516,잏업,14:12:31,19.04,77107,19.01,霑,1465804.07,,,,,601,600516,잏업,14:12:34,19.04,153100,19.04,췺콻,2915024,
603,600516,잏업,14:12:28,19.01,96000,19.01,霑,1824960,,,,,607,600516,잏업,14:12:16,18.98,156653,19.03,췺콻,2981106.59,
604,600516,잏업,14:12:25,19.01,157400,19.01,霑,2992174,,,,,609,600516,잏업,14:12:10,19,403000,19,췺콻,7657000,
605,600516,잏업,14:12:22,19.01,209000,19,霑,3971000,,,,,613,600516,잏업,14:11:55,18.98,1147400,19.03,췺콻,21835022,
606,600516,잏업,14:12:19,19,66000,18.98,霑,1252680,,,,,615,600516,잏업,14:11:49,19.01,166400,19.02,췺콻,3164928,
608,600516,잏업,14:12:13,19.03,162847,19,霑,3094093,,,,,616,600516,잏업,14:11:46,19.02,171253,19.03,췺콻,3258944.59,
610,600516,잏업,14:12:07,19,423463,18.97,霑,8033093.11,,,,,619,600516,잏업,14:11:37,19.03,234653,19.04,췺콻,4467793.12,
612,600516,잏업,14:12:01,19,294000,18.98,霑,5580120,,,,,621,600516,잏업,14:11:31,19.03,356347,19.06,췺콻,6791973.82,
614,600516,잏업,14:11:52,19.03,136200,19.01,霑,2589162,,,,,624,600516,잏업,14:11:22,19.03,736253,19.06,췺콻,14032982.18,
617,600516,잏업,14:11:43,19.03,158947,19.03,霑,3024761.41,,,,,625,600516,잏업,14:11:19,19.06,93000,19.06,췺콻,1772580,
618,600516,잏업,14:11:40,19.03,109000,19.03,霑,2074270,,,,,626,600516,잏업,14:11:16,19.06,65600,19.07,췺콻,1250992,
622,600516,잏업,14:11:28,19.06,114500,19.04,霑,2180080,,,,,629,600516,잏업,14:10:58,19.07,82800,19.1,췺콻,1581480,
623,600516,잏업,14:11:25,19.04,222700,19.03,霑,4237981,,,,,630,600516,잏업,14:10:55,19.1,428400,19.15,췺콻,8203860,
627,600516,잏업,14:11:13,19.07,100100,19.07,霑,1908907,,,,,633,600516,잏업,14:10:46,19.14,119643,19.15,췺콻,2291163.45,
628,600516,잏업,14:11:10,19.07,107600,19.06,霑,2050856,,,,,634,600516,잏업,14:10:43,19.15,75300,19.17,췺콻,1443501,
631,600516,잏업,14:10:52,19.15,66900,19.15,霑,1281135,,,,,636,600516,잏업,14:10:34,19.15,61900,19.19,췺콻,1187861,
632,600516,잏업,14:10:49,19.15,55000,19.14,霑,1052700,,,,,639,600516,잏업,14:10:25,19.18,292660,19.2,췺콻,5619072,
635,600516,잏업,14:10:37,19.17,62800,19.15,霑,1202620,,,,,642,600516,잏업,14:10:16,19.19,75100,19.2,췺콻,1441920,
637,600516,잏업,14:10:31,19.19,117800,19.18,霑,2259404,,,,,643,600516,잏업,14:10:07,19.19,54740,19.2,췺콻,1051008,
638,600516,잏업,14:10:28,19.18,63200,19.18,霑,1212176,,,,,648,600516,잏업,14:09:52,19.2,132560,19.26,췺콻,2553105.6,
640,600516,잏업,14:10:22,19.2,68400,19.2,霑,1313280,,,,,649,600516,잏업,14:09:46,19.21,52580,19.22,췺콻,1010587.6,
641,600516,잏업,14:10:19,19.2,83200,19.19,霑,1596608,,,,,652,600516,잏업,14:09:28,19.19,212200,19.19,췺콻,4072118,
644,600516,잏업,14:10:04,19.2,70200,19.2,霑,1347840,,,,,654,600516,잏업,14:09:22,19.18,111200,19.17,췺콻,2131704,
645,600516,잏업,14:10:01,19.2,167900,19.2,霑,3223680,,,,,655,600516,잏업,14:09:13,19.18,56300,19.18,췺콻,1079834,
646,600516,잏업,14:09:58,19.2,74300,19.2,霑,1426560,,,,,658,600516,잏업,14:09:04,19.15,129000,19.17,췺콻,2472930,
647,600516,잏업,14:09:55,19.2,92200,19.2,霑,1770240,,,,,660,600516,잏업,14:08:58,19.15,1139500,19.15,췺콻,21821425,
650,600516,잏업,14:09:37,19.21,46800,19.2,霑,898560,,,,,662,600516,잏업,14:08:52,19.13,114400,19.13,췺콻,2188472,
651,600516,잏업,14:09:31,19.2,130100,19.19,霑,2496619,,,,,663,600516,잏업,14:08:49,19.13,122900,19.15,췺콻,2353535,
653,600516,잏업,14:09:25,19.19,89900,19.18,霑,1724282,,,,,665,600516,잏업,14:08:40,19.13,161300,19.2,췺콻,3096960,
656,600516,잏업,14:09:10,19.18,48037,19.17,霑,920869.29,,,,,667,600516,잏업,14:08:34,19.2,391935,19.2,췺콻,7525152,
661,600516,잏업,14:08:55,19.15,233600,19.13,霑,4468768,,,,,668,600516,잏업,14:08:31,19.2,131200,19.21,췺콻,2520352,
664,600516,잏업,14:08:43,19.14,44300,19.13,霑,847459,,,,,669,600516,잏업,14:08:28,19.21,663500,19.21,췺콻,12745835,
666,600516,잏업,14:08:37,19.2,114900,19.2,霑,2206080,,,,,671,600516,잏업,14:08:22,19.21,267800,19.28,췺콻,5163184,
670,600516,잏업,14:08:25,19.21,94000,19.21,霑,1805740,,,,,674,600516,잏업,14:08:13,19.21,138000,19.29,췺콻,2662020,
672,600516,잏업,14:08:19,19.28,118300,19.27,霑,2279641,,,,,678,600516,잏업,14:08:01,19.3,226600,19.32,췺콻,4377912,
676,600516,잏업,14:08:07,19.3,97800,19.3,霑,1887540,,,,,679,600516,잏업,14:07:46,19.3,87600,19.39,췺콻,1698564,
677,600516,잏업,14:08:04,19.3,76500,19.3,霑,1476450,,,,,680,600516,잏업,14:07:43,19.39,57600,19.44,췺콻,1119744,
683,600516,잏업,14:07:25,19.45,44500,19.45,霑,865525,,,,,681,600516,잏업,14:07:34,19.45,708200,19.43,췺콻,13760326,
685,600516,잏업,14:06:34,19.46,49000,19.47,霑,954030,,,,,682,600516,잏업,14:07:31,19.43,57900,19.43,췺콻,1124997,
686,600516,잏업,14:06:28,19.47,130000,19.45,霑,2528500,,,,,684,600516,잏업,14:06:46,19.46,42100,19.46,췺콻,819266,
687,600516,잏업,14:06:13,19.47,129600,19.47,霑,2523312,,,,,690,600516,잏업,14:05:22,19.39,239800,19.42,췺콻,4656916,
688,600516,잏업,14:06:05,19.45,92600,19.42,霑,1798292,,,,,691,600516,잏업,14:05:19,19.42,65600,19.47,췺콻,1277232,
689,600516,잏업,14:05:40,19.41,77800,19.41,霑,1510098,,,,,695,600516,잏업,14:04:49,19.4,259535,19.52,췺콻,5066123.2,
692,600516,잏업,14:05:13,19.47,58900,19.42,霑,1143838,,,,,697,600516,잏업,14:04:37,19.52,160145,19.53,췺콻,3127631.85,
693,600516,잏업,14:05:01,19.48,912500,19.48,霑,17775500,,,,,700,600516,잏업,14:03:49,19.49,46300,19.49,췺콻,902387,
694,600516,잏업,14:04:58,19.48,124365,19.4,霑,2412681,,,,,702,600516,잏업,14:03:12,19.4,358060,19.41,췺콻,6949944.6,
696,600516,잏업,14:04:40,19.52,41000,19.52,霑,800320,,,,,703,600516,잏업,14:03:01,19.36,75000,19.36,췺콻,1452000,
699,600516,잏업,14:04:19,19.54,47200,19.52,霑,921344,,,,,704,600516,잏업,14:02:52,19.36,92200,19.36,췺콻,1784992,
701,600516,잏업,14:03:46,19.49,65700,19.48,霑,1279836,,,,,705,600516,잏업,14:02:43,19.33,251900,19.34,췺콻,4871746,
706,600516,잏업,14:02:40,19.34,393200,19.3,霑,7588760,,,,,707,600516,잏업,14:02:37,19.3,81900,19.3,췺콻,1580670,
708,600516,잏업,14:02:33,19.3,70700,19.3,霑,1364510,,,,,711,600516,잏업,14:02:25,19.3,174200,19.34,췺콻,3369028,
709,600516,잏업,14:02:31,19.3,131900,19.3,霑,2545670,,,,,712,600516,잏업,14:02:22,19.34,64200,19.34,췺콻,1241628,
710,600516,잏업,14:02:28,19.3,63800,19.3,霑,1231340,,,,,713,600516,잏업,14:02:16,19.34,60800,19.35,췺콻,1176480,
714,600516,잏업,14:02:13,19.35,55200,19.34,霑,1067568,,,,,718,600516,잏업,14:02:01,19.33,80700,19.36,췺콻,1562352,
715,600516,잏업,14:02:10,19.34,787200,19.33,霑,15216576,,,,,721,600516,잏업,14:01:49,19.35,404700,19.39,췺콻,7847133,
717,600516,잏업,14:02:04,19.34,43200,19.33,霑,835056,,,,,722,600516,잏업,14:01:43,19.39,69700,19.4,췺콻,1352180,
719,600516,잏업,14:01:58,19.36,46100,19.35,霑,892035,,,,,723,600516,잏업,14:01:31,19.4,196400,19.45,췺콻,3819980,
720,600516,잏업,14:01:55,19.35,85100,19.35,霑,1646685,,,,,725,600516,잏업,14:01:21,19.46,47800,19.48,췺콻,931144,
724,600516,잏업,14:01:25,19.46,42400,19.46,霑,825104,,,,,726,600516,잏업,14:01:13,19.47,59900,19.48,췺콻,1166852,
729,600516,잏업,14:00:24,19.5,44600,19.5,霑,869700,,,,,727,600516,잏업,14:00:55,19.5,209300,19.5,췺콻,4081350,
732,600516,잏업,13:59:42,19.57,438124,19.55,霑,8565324.2,,,,,728,600516,잏업,14:00:30,19.49,85300,19.5,췺콻,1663350,
733,600516,잏업,13:59:15,19.5,62880,19.5,霑,1226160,,,,,730,600516,잏업,14:00:06,19.47,42000,19.52,췺콻,819840,
735,600516,잏업,13:59:00,19.45,148401,19.42,霑,2881947.42,,,,,737,600516,잏업,13:58:54,19.4,72100,19.41,췺콻,1399461,
738,600516,잏업,13:58:50,19.41,87300,19.4,霑,1693620,,,,,740,600516,잏업,13:58:45,19.38,48200,19.38,췺콻,934116,
739,600516,잏업,13:58:48,19.4,109501,19.38,霑,2122129.38,,,,,744,600516,잏업,13:58:33,19.4,151200,19.4,췺콻,2933280,
741,600516,잏업,13:58:42,19.38,47300,19.4,霑,917620,,,,,745,600516,잏업,13:58:30,19.4,215100,19.41,췺콻,4175091,
742,600516,잏업,13:58:39,19.4,295500,19.4,霑,5732700,,,,,746,600516,잏업,13:58:21,19.45,346000,19.5,췺콻,6747000,
743,600516,잏업,13:58:36,19.4,68300,19.4,霑,1325020,,,,,747,600516,잏업,13:58:18,19.5,82300,19.51,췺콻,1605673,
750,600516,잏업,13:58:06,19.55,46400,19.54,霑,906656,,,,,748,600516,잏업,13:58:12,19.51,161600,19.54,췺콻,3157664,
753,600516,잏업,13:57:52,19.56,55600,19.56,霑,1087536,,,,,749,600516,잏업,13:58:09,19.54,380800,19.55,췺콻,7444640,
756,600516,잏업,13:57:37,19.56,106700,19.55,霑,2085985,,,,,751,600516,잏업,13:57:58,19.54,69100,19.55,췺콻,1350905,
758,600516,잏업,13:57:19,19.51,153700,19.45,霑,2989465,,,,,752,600516,잏업,13:57:55,19.55,48100,19.56,췺콻,940836,
762,600516,잏업,13:57:01,19.4,266903,19.35,霑,5164573.05,,,,,755,600516,잏업,13:57:46,19.55,122000,19.56,췺콻,2386320,
764,600516,잏업,13:56:55,19.35,78900,19.32,霑,1524348,,,,,757,600516,잏업,13:57:22,19.5,53700,19.51,췺콻,1047687,
766,600516,잏업,13:56:49,19.33,315545,19.31,霑,6093173.95,,,,,759,600516,잏업,13:57:16,19.45,71400,19.47,췺콻,1390158,
769,600516,잏업,13:56:40,19.33,132100,19.3,霑,2549530,,,,,760,600516,잏업,13:57:10,19.4,170900,19.4,췺콻,3315460,
770,600516,잏업,13:56:37,19.3,65200,19.3,霑,1258360,,,,,761,600516,잏업,13:57:07,19.4,53100,19.4,췺콻,1030140,
773,600516,잏업,13:56:28,19.38,111500,19.37,霑,2159755,,,,,763,600516,잏업,13:56:58,19.35,56700,19.35,췺콻,1097145,
777,600516,잏업,13:56:16,19.4,86700,19.4,霑,1681980,,,,,765,600516,잏업,13:56:52,19.32,253720,19.33,췺콻,4904407.6,
780,600516,잏업,13:56:07,19.45,96400,19.45,霑,1874980,,,,,768,600516,잏업,13:56:43,19.3,52600,19.33,췺콻,1016758,
781,600516,잏업,13:56:04,19.45,208800,19.45,霑,4061160,,,,,771,600516,잏업,13:56:34,19.3,578100,19.36,췺콻,11192016,
783,600516,잏업,13:55:58,19.48,49800,19.48,霑,970104,,,,,774,600516,잏업,13:56:25,19.37,54700,19.38,췺콻,1060086,
785,600516,잏업,13:55:52,19.5,167700,19.5,霑,3270150,,,,,775,600516,잏업,13:56:22,19.38,69100,19.39,췺콻,1339849,
787,600516,잏업,13:55:40,19.54,183100,19.54,霑,3577774,,,,,778,600516,잏업,13:56:13,19.4,140600,19.41,췺콻,2729046,
789,600516,잏업,13:55:31,19.54,61000,19.54,霑,1191940,,,,,779,600516,잏업,13:56:10,19.41,71700,19.45,췺콻,1394565,
793,600516,잏업,13:55:10,19.58,53000,19.58,霑,1037740,,,,,782,600516,잏업,13:56:01,19.45,71500,19.48,췺콻,1392820,
795,600516,잏업,13:54:58,19.59,65100,19.59,霑,1275309,,,,,784,600516,잏업,13:55:55,19.48,227700,19.5,췺콻,4440150,
798,600516,잏업,13:54:31,19.69,64751,19.69,霑,1274947.19,,,,,786,600516,잏업,13:55:49,19.5,390100,19.52,췺콻,7614752,
799,600516,잏업,13:54:28,19.69,45400,19.69,霑,893926,,,,,788,600516,잏업,13:55:34,19.52,181100,19.54,췺콻,3538694,
801,600516,잏업,13:54:16,19.7,71900,19.7,霑,1416430,,,,,790,600516,잏업,13:55:22,19.54,349700,19.55,췺콻,6836635,
804,600516,잏업,13:54:07,19.75,99500,19.73,霑,1963135,,,,,791,600516,잏업,13:55:16,19.54,283500,19.56,췺콻,5545260,
806,600516,잏업,13:53:58,19.73,76300,19.73,霑,1505399,,,,,792,600516,잏업,13:55:13,19.56,167000,19.58,췺콻,3269860,
807,600516,잏업,13:53:55,19.73,107300,19.7,霑,2113810,,,,,794,600516,잏업,13:55:01,19.56,117000,19.59,췺콻,2292030,
810,600516,잏업,13:53:43,19.7,97500,19.69,霑,1919775,,,,,796,600516,잏업,13:54:52,19.59,390000,19.62,췺콻,7651800,
813,600516,잏업,13:53:28,19.7,392300,19.65,霑,7708695,,,,,797,600516,잏업,13:54:46,19.62,78800,19.68,췺콻,1550784,
814,600516,잏업,13:53:25,19.65,53700,19.65,霑,1055205,,,,,800,600516,잏업,13:54:25,19.69,131400,19.7,췺콻,2588580,
815,600516,잏업,13:53:19,19.65,136500,19.65,霑,2682225,,,,,802,600516,잏업,13:54:13,19.7,69500,19.73,췺콻,1371235,
816,600516,잏업,13:53:16,19.65,40300,19.65,霑,791895,,,,,803,600516,잏업,13:54:10,19.73,116700,19.75,췺콻,2304825,
818,600516,잏업,13:53:01,19.6,127400,19.6,霑,2497040,,,,,805,600516,잏업,13:54:01,19.72,72400,19.73,췺콻,1428452,
819,600516,잏업,13:52:58,19.6,45700,19.59,霑,895263,,,,,809,600516,잏업,13:53:46,19.7,109000,19.7,췺콻,2147300,
824,600516,잏업,13:52:22,19.55,72100,19.52,霑,1407392,,,,,811,600516,잏업,13:53:34,19.66,44400,19.66,췺콻,872904,
825,600516,잏업,13:52:19,19.52,229100,19.49,霑,4465159,,,,,812,600516,잏업,13:53:31,19.66,96400,19.7,췺콻,1899080,
829,600516,잏업,13:52:07,19.55,81200,19.53,霑,1585836,,,,,817,600516,잏업,13:53:04,19.6,46600,19.6,췺콻,913360,
833,600516,잏업,13:51:52,19.6,62700,19.6,霑,1228920,,,,,820,600516,잏업,13:52:46,19.58,57100,19.58,췺콻,1118018,
838,600516,잏업,13:51:34,19.68,498751,19.68,霑,9815419.68,,,,,821,600516,잏업,13:52:40,19.55,46300,19.56,췺콻,905628,
840,600516,잏업,13:51:25,19.69,46800,19.69,霑,921492,,,,,823,600516,잏업,13:52:31,19.54,221100,19.54,췺콻,4320294,
842,600516,잏업,13:51:19,19.71,42580,19.7,霑,838826,,,,,826,600516,잏업,13:52:16,19.49,565900,19.52,췺콻,11046368,
845,600516,잏업,13:51:04,19.75,67200,19.74,霑,1326528,,,,,827,600516,잏업,13:52:13,19.52,135300,19.52,췺콻,2641056,
849,600516,잏업,13:50:16,19.72,62080,19.7,霑,1222976,,,,,828,600516,잏업,13:52:10,19.52,84000,19.55,췺콻,1642200,
850,600516,잏업,13:50:13,19.7,48700,19.7,霑,959390,,,,,830,600516,잏업,13:52:04,19.53,66400,19.58,췺콻,1300112,
853,600516,잏업,13:50:01,19.7,204780,19.7,霑,4034166,,,,,832,600516,잏업,13:51:55,19.58,62000,19.6,췺콻,1215200,
858,600516,잏업,13:49:34,19.79,157600,19.75,霑,3112600,,,,,834,600516,잏업,13:51:49,19.6,118900,19.6,췺콻,2330440,
859,600516,잏업,13:49:25,19.75,55600,19.72,霑,1096432,,,,,835,600516,잏업,13:51:46,19.6,99700,19.6,췺콻,1954120,
861,600516,잏업,13:49:19,19.77,67200,19.77,霑,1328544,,,,,836,600516,잏업,13:51:43,19.6,246149,19.61,췺콻,4826981.89,
862,600516,잏업,13:49:13,19.75,174080,19.72,霑,3432857.6,,,,,839,600516,잏업,13:51:31,19.68,195930,19.69,췺콻,3857861.7,
871,600516,잏업,13:48:16,19.8,111700,19.8,霑,2211660,,,,,841,600516,잏업,13:51:22,19.69,150188,19.71,췺콻,2960205.48,
872,600516,잏업,13:48:13,19.8,144800,19.79,霑,2865592,,,,,843,600516,잏업,13:51:13,19.7,176020,19.72,췺콻,3471114.4,
874,600516,잏업,13:48:04,19.8,88500,19.79,霑,1751415,,,,,844,600516,잏업,13:51:07,19.73,42700,19.75,췺콻,843325,
876,600516,잏업,13:47:58,19.8,105300,19.8,霑,2084940,,,,,846,600516,잏업,13:50:43,19.71,361920,19.74,췺콻,7144300.8,
886,600516,잏업,13:45:40,19.9,49300,19.88,霑,980084,,,,,847,600516,잏업,13:50:37,19.73,47500,19.72,췺콻,936700,
887,600516,잏업,13:45:01,19.9,93600,19.9,霑,1862640,,,,,848,600516,잏업,13:50:25,19.71,55800,19.71,췺콻,1099818,
890,600516,잏업,13:43:36,19.98,101600,19.98,霑,2029968,,,,,851,600516,잏업,13:50:10,19.7,96020,19.7,췺콻,1891594,
891,600516,잏업,13:38:58,20.02,101600,20.01,霑,2033016,,,,,852,600516,잏업,13:50:04,19.7,108900,19.7,췺콻,2145330,
893,600516,잏업,13:37:46,19.98,117700,19.96,霑,2349292,,,,,854,600516,잏업,13:49:55,19.7,315920,19.75,췺콻,6239420,
896,600516,잏업,13:36:40,19.92,93700,19.91,霑,1865567,,,,,855,600516,잏업,13:49:46,19.75,73700,19.76,췺콻,1456312,
899,600516,잏업,13:34:49,19.95,73900,19.93,霑,1472827,,,,,856,600516,잏업,13:49:43,19.76,73700,19.75,췺콻,1455575,
904,600516,잏업,13:33:46,19.93,138500,19.92,霑,2758920,,,,,857,600516,잏업,13:49:40,19.75,56700,19.77,췺콻,1120959,
905,600516,잏업,13:33:04,19.94,114700,19.93,霑,2285971,,,,,860,600516,잏업,13:49:22,19.72,42000,19.77,췺콻,830340,
909,600516,잏업,13:30:43,20.03,42000,20.03,霑,841260,,,,,864,600516,잏업,13:49:07,19.71,117400,19.74,췺콻,2317476,
910,600516,잏업,13:29:34,20,50500,19.98,霑,1008990,,,,,865,600516,잏업,13:49:01,19.72,103000,19.75,췺콻,2034250,
911,600516,잏업,13:29:01,19.99,57800,19.97,霑,1154266,,,,,867,600516,잏업,13:48:40,19.79,413300,19.79,췺콻,8179207,
914,600516,잏업,13:25:34,20.02,43804,20.02,霑,876956.08,,,,,868,600516,잏업,13:48:28,19.8,678300,19.8,췺콻,13430340,
916,600516,잏업,13:25:13,20.09,120600,20.05,霑,2418030,,,,,869,600516,잏업,13:48:25,19.8,64300,19.8,췺콻,1273140,
917,600516,잏업,13:23:57,20.03,48820,20,霑,976400,,,,,870,600516,잏업,13:48:19,19.79,52000,19.8,췺콻,1029600,
919,600516,잏업,13:23:45,20,66480,19.98,霑,1328270.4,,,,,873,600516,잏업,13:48:10,19.79,42700,19.8,췺콻,845460,
922,600516,잏업,13:22:06,19.93,45700,19.93,霑,910801,,,,,875,600516,잏업,13:48:01,19.79,652400,19.8,췺콻,12917520,
925,600516,잏업,13:20:43,19.91,44600,19.9,霑,887540,,,,,877,600516,잏업,13:47:52,19.78,106400,19.79,췺콻,2105656,
926,600516,잏업,13:20:19,19.9,61595,19.89,霑,1225124.55,,,,,878,600516,잏업,13:47:49,19.79,80100,19.8,췺콻,1585980,
927,600516,잏업,13:20:01,19.9,92000,19.88,霑,1828960,,,,,879,600516,잏업,13:47:43,19.8,52648,19.8,췺콻,1042430.4,
930,600516,잏업,13:18:58,19.95,53300,19.95,霑,1063335,,,,,881,600516,잏업,13:47:34,19.86,42700,19.87,췺콻,848449,
934,600516,잏업,13:16:46,19.87,55800,19.87,霑,1108746,,,,,882,600516,잏업,13:47:28,19.88,48100,19.88,췺콻,956228,
935,600516,잏업,13:16:22,19.86,110040,19.85,霑,2184294,,,,,883,600516,잏업,13:47:25,19.88,45600,19.88,췺콻,906528,
936,600516,잏업,13:16:16,19.85,53500,19.85,霑,1061975,,,,,884,600516,잏업,13:47:04,19.9,78800,19.91,췺콻,1568908,
937,600516,잏업,13:16:10,19.87,58600,19.86,霑,1163796,,,,,888,600516,잏업,13:44:55,19.9,253900,19.93,췺콻,5060227,
938,600516,잏업,13:16:01,19.86,144700,19.86,霑,2873742,,,,,889,600516,잏업,13:44:24,19.95,51900,19.96,췺콻,1035924,
943,600516,잏업,13:12:37,20,43900,20,霑,878000,,,,,892,600516,잏업,13:38:40,19.99,43000,19.99,췺콻,859570,
944,600516,잏업,13:11:49,19.99,96000,19.97,霑,1917120,,,,,894,600516,잏업,13:36:52,19.92,52000,19.93,췺콻,1036360,
945,600516,잏업,13:11:22,19.94,51800,19.93,霑,1032374,,,,,895,600516,잏업,13:36:43,19.92,43200,19.92,췺콻,860544,
949,600516,잏업,13:10:16,19.9,45200,19.89,霑,899028,,,,,900,600516,잏업,13:34:43,19.91,43400,19.92,췺콻,864528,
950,600516,잏업,13:10:10,19.9,91800,19.9,霑,1826820,,,,,901,600516,잏업,13:34:31,19.91,272000,19.93,췺콻,5420960,
952,600516,잏업,13:09:46,19.91,41200,19.9,霑,819880,,,,,902,600516,잏업,13:34:28,19.93,220100,19.93,췺콻,4386593,
958,600516,잏업,13:08:12,20.02,89812,20.01,霑,1797138.12,,,,,903,600516,잏업,13:34:19,19.91,44300,19.92,췺콻,882456,
960,600516,잏업,13:06:48,20.06,41900,20.03,霑,839257,,,,,906,600516,잏업,13:32:55,19.9,390056,19.94,췺콻,7777716.64,
963,600516,잏업,13:00:04,20.1,167581,20.07,霑,3363350.67,,,,,907,600516,잏업,13:32:43,19.92,48200,19.96,췺콻,962072,
964,600516,잏업,13:00:01,20.07,111700,20.06,霑,2240702,,,,,908,600516,잏업,13:32:34,19.93,42500,19.95,췺콻,847875,
966,600516,잏업,11:29:07,20.01,41420,20.01,霑,828814.2,,,,,912,600516,잏업,13:27:28,19.98,103700,20,췺콻,2074000,
967,600516,잏업,11:28:46,20,42700,20,霑,854000,,,,,913,600516,잏업,13:27:16,20,104296,20.03,췺콻,2089048.88,
969,600516,잏업,11:28:19,20.01,46100,20,霑,922000,,,,,915,600516,잏업,13:25:22,20.02,41896,20.08,췺콻,841271.68,
973,600516,잏업,11:26:10,20,55600,20,霑,1112000,,,,,918,600516,잏업,13:23:51,20,48100,20,췺콻,962000,
975,600516,잏업,11:26:01,20.02,43000,20.02,霑,860860,,,,,920,600516,잏업,13:23:21,19.98,47000,19.98,췺콻,939060,
976,600516,잏업,11:25:58,20.02,57000,20.02,霑,1141140,,,,,921,600516,잏업,13:22:48,19.95,50000,19.98,췺콻,999000,
977,600516,잏업,11:25:15,20.11,458700,20.1,霑,9219870,,,,,923,600516,잏업,13:21:16,19.9,120300,19.92,췺콻,2396376,
978,600516,잏업,11:25:10,20.11,62700,20.11,霑,1260897,,,,,924,600516,잏업,13:21:01,19.9,65000,19.91,췺콻,1294150,
981,600516,잏업,11:22:13,20.08,63000,20.08,霑,1265040,,,,,928,600516,잏업,13:19:49,19.9,47400,19.9,췺콻,943260,
983,600516,잏업,11:20:22,20.1,131000,20.1,霑,2633100,,,,,929,600516,잏업,13:19:34,19.91,107600,19.92,췺콻,2143392,
986,600516,잏업,11:18:49,20.19,46800,20.18,霑,944424,,,,,931,600516,잏업,13:17:22,19.88,58300,19.9,췺콻,1160170,
987,600516,잏업,11:17:58,20.23,55400,20.22,霑,1120188,,,,,932,600516,잏업,13:17:04,19.82,206400,19.87,췺콻,4101168,
988,600516,잏업,11:17:49,20.22,44500,20.21,霑,899345,,,,,933,600516,잏업,13:16:58,19.86,75200,19.88,췺콻,1494976,
989,600516,잏업,11:17:40,20.23,50700,20.23,霑,1025661,,,,,939,600516,잏업,13:15:34,19.88,49388,19.91,췺콻,983315.08,
990,600516,잏업,11:17:27,20.23,40100,20.21,霑,810421,,,,,940,600516,잏업,13:15:16,19.93,110400,19.94,췺콻,2201376,
991,600516,잏업,11:17:21,20.22,98420,20.19,霑,1987099.8,,,,,941,600516,잏업,13:15:07,19.93,47000,19.95,췺콻,937650,
993,600516,잏업,11:17:15,20.22,70020,20.2,霑,1414404,,,,,942,600516,잏업,13:13:43,19.98,105300,19.98,췺콻,2103894,
994,600516,잏업,11:17:06,20.2,104300,20.2,霑,2106860,,,,,946,600516,잏업,13:11:01,19.91,51900,19.91,췺콻,1033329,
996,600516,잏업,11:16:06,20.19,40400,20.19,霑,815676,,,,,947,600516,잏업,13:10:31,19.9,44200,19.9,췺콻,879580,
997,600516,잏업,11:14:15,20.19,106700,20.18,霑,2153206,,,,,948,600516,잏업,13:10:25,19.89,43100,19.9,췺콻,857690,
999,600516,잏업,11:13:54,20.2,49700,20.2,霑,1003940,,,,,951,600516,잏업,13:10:04,19.89,66200,19.89,췺콻,1316718,
1000,600516,잏업,11:13:06,20.17,231800,20.14,霑,4668452,,,,,953,600516,잏업,13:09:34,19.91,206200,19.93,췺콻,4109566,
1003,600516,잏업,11:12:21,20.13,58900,20.13,霑,1185657,,,,,954,600516,잏업,13:09:10,19.97,207900,19.97,췺콻,4151763,
1005,600516,잏업,11:11:48,20.1,44900,20.09,霑,902041,,,,,955,600516,잏업,13:08:55,19.97,56400,19.97,췺콻,1126308,
1006,600516,잏업,11:10:39,20.06,40900,20.09,霑,821681,,,,,956,600516,잏업,13:08:46,19.98,73900,20,췺콻,1478000,
1009,600516,잏업,11:07:49,20.1,58100,20.09,霑,1167229,,,,,957,600516,잏업,13:08:33,20,54400,20.01,췺콻,1088544,
1016,600516,잏업,11:06:25,20.22,112400,20.22,霑,2272728,,,,,959,600516,잏업,13:08:01,20.02,92500,20.05,췺콻,1854625,
1017,600516,잏업,11:06:22,20.22,52200,20.22,霑,1055484,,,,,961,600516,잏업,13:05:06,20.04,41400,20.04,췺콻,829656,
1018,600516,잏업,11:06:12,20.22,46300,20.2,霑,935260,,,,,962,600516,잏업,13:03:51,20.06,42800,20.06,췺콻,858568,
1019,600516,잏업,11:06:04,20.2,80500,20.18,霑,1624490,,,,,965,600516,잏업,11:29:55,20.03,49900,20.04,췺콻,999996,
1020,600516,잏업,11:05:58,20.18,210049,20.15,霑,4232487.35,,,,,968,600516,잏업,11:28:43,20,88800,20,췺콻,1776000,
1025,600516,잏업,11:04:37,20.17,119100,20.16,霑,2401056,,,,,970,600516,잏업,11:27:13,20.02,58000,20.02,췺콻,1161160,
1027,600516,잏업,11:04:18,20.2,125000,20.2,霑,2525000,,,,,971,600516,잏업,11:27:10,20.02,46100,20.02,췺콻,922922,
1028,600516,잏업,11:04:07,20.24,99300,20.2,霑,2005860,,,,,974,600516,잏업,11:26:04,20,46900,20.02,췺콻,938938,
1030,600516,잏업,11:04:01,20.23,282149,20.19,霑,5696588.31,,,,,979,600516,잏업,11:25:07,20.11,51900,20.11,췺콻,1043709,
1032,600516,잏업,11:03:55,20.2,58209,20.19,霑,1175239.71,,,,,980,600516,잏업,11:24:19,20.15,44700,20.16,췺콻,901152,
1033,600516,잏업,11:03:49,20.2,139209,20.19,霑,2810629.71,,,,,982,600516,잏업,11:20:51,20.01,101000,20.05,췺콻,2025050,
1034,600516,잏업,11:03:43,20.19,210200,20.15,霑,4235530,,,,,984,600516,잏업,11:20:16,20.1,70000,20.12,췺콻,1408400,
1035,600516,잏업,11:03:34,20.13,60380,20.11,霑,1214241.8,,,,,985,600516,잏업,11:20:10,20.12,101000,20.12,췺콻,2032120,
1036,600516,잏업,11:03:25,20.1,199200,20.09,霑,4001928,,,,,992,600516,잏업,11:17:18,20.19,128780,20.22,췺콻,2603931.6,
1037,600516,잏업,11:03:19,20.09,145251,20.07,霑,2915187.57,,,,,998,600516,잏업,11:14:12,20.18,72300,20.19,췺콻,1459737,
1038,600516,잏업,11:02:48,20.03,257000,20.03,霑,5147710,,,,,1001,600516,잏업,11:13:00,20.15,56800,20.16,췺콻,1145088,
1040,600516,잏업,10:59:31,20,68100,19.98,霑,1360638,,,,,1002,600516,잏업,11:12:39,20.14,46100,20.15,췺콻,928915,
1041,600516,잏업,10:59:25,19.99,49800,19.98,霑,995004,,,,,1004,600516,잏업,11:11:51,20.09,41200,20.1,췺콻,828120,
1042,600516,잏업,10:59:16,19.97,96300,19.96,霑,1922148,,,,,1007,600516,잏업,11:09:28,20.11,50700,20.14,췺콻,1021098,
1043,600516,잏업,10:55:58,19.95,58000,19.95,霑,1157100,,,,,1008,600516,잏업,11:09:13,20.14,96500,20.14,췺콻,1943510,
1045,600516,잏업,10:54:27,20.01,51400,20,霑,1028000,,,,,1010,600516,잏업,11:07:40,20.1,50200,20.1,췺콻,1009020,
1046,600516,잏업,10:52:18,19.95,94500,19.94,霑,1884330,,,,,1011,600516,잏업,11:06:46,20.18,161751,20.19,췺콻,3265752.69,
1048,600516,잏업,10:49:54,19.88,62861,19.85,霑,1247790.85,,,,,1012,600516,잏업,11:06:43,20.19,94100,20.2,췺콻,1900820,
1056,600516,잏업,10:48:09,20.01,41300,19.99,霑,825587,,,,,1013,600516,잏업,11:06:36,20.2,81900,20.21,췺콻,1655199,
1058,600516,잏업,10:47:59,20.02,87100,20,霑,1742000,,,,,1014,600516,잏업,11:06:34,20.21,49800,20.22,췺콻,1006956,
1059,600516,잏업,10:47:45,20.01,52100,20.01,霑,1042521,,,,,1015,600516,잏업,11:06:28,20.22,62100,20.22,췺콻,1255662,
1061,600516,잏업,10:47:25,20.01,52500,20.02,霑,1051050,,,,,1021,600516,잏업,11:05:48,20.14,59300,20.14,췺콻,1194302,
1062,600516,잏업,10:47:21,20.02,51500,20.01,霑,1030515,,,,,1022,600516,잏업,11:05:45,20.14,101400,20.14,췺콻,2042196,
1065,600516,잏업,10:47:01,20,50800,19.99,霑,1015492,,,,,1023,600516,잏업,11:05:31,20.13,61600,20.14,췺콻,1240624,
1067,600516,잏업,10:46:10,19.98,54700,19.98,霑,1092906,,,,,1024,600516,잏업,11:04:46,20.1,96920,20.15,췺콻,1952938,
1068,600516,잏업,10:46:00,19.98,52800,19.95,霑,1053360,,,,,1026,600516,잏업,11:04:22,20.18,140351,20.2,췺콻,2835090.2,
1071,600516,잏업,10:45:28,20.04,50700,20.04,霑,1016028,,,,,1029,600516,잏업,11:04:04,20.2,72600,20.23,췺콻,1468698,
1072,600516,잏업,10:45:10,20.02,62800,20.02,霑,1257256,,,,,1031,600516,잏업,11:03:58,20.19,194891,20.2,췺콻,3936798.2,
1073,600516,잏업,10:44:49,19.97,636500,19.95,霑,12698175,,,,,1039,600516,잏업,11:00:40,20.03,47800,20.03,췺콻,957434,
1074,600516,잏업,10:44:46,19.95,171300,19.93,霑,3414009,,,,,1044,600516,잏업,10:55:36,19.98,57500,19.99,췺콻,1149425,
1078,600516,잏업,10:44:04,19.93,52600,19.91,霑,1047266,,,,,1047,600516,잏업,10:50:51,19.87,85000,19.88,췺콻,1689800,
1080,600516,잏업,10:43:49,19.93,46800,19.91,霑,931788,,,,,1049,600516,잏업,10:49:48,19.85,216439,19.89,췺콻,4304971.71,
1083,600516,잏업,10:40:49,19.93,416800,19.94,霑,8310992,,,,,1050,600516,잏업,10:49:24,19.9,56630,19.91,췺콻,1127503.3,
1085,600516,잏업,10:40:31,19.95,66000,19.92,霑,1314720,,,,,1051,600516,잏업,10:48:57,19.9,51600,19.94,췺콻,1028904,
1088,600516,잏업,10:39:58,19.98,116200,19.94,霑,2317028,,,,,1052,600516,잏업,10:48:38,19.95,56900,19.98,췺콻,1136862,
1089,600516,잏업,10:39:09,19.92,51040,19.91,霑,1016206.4,,,,,1053,600516,잏업,10:48:29,19.96,84440,19.97,췺콻,1686266.8,
1090,600516,잏업,10:38:52,19.92,71300,19.89,霑,1418157,,,,,1054,600516,잏업,10:48:24,19.97,44860,19.98,췺콻,896302.8,
1091,600516,잏업,10:38:34,19.9,65661,19.88,霑,1305340.68,,,,,1055,600516,잏업,10:48:14,19.99,75700,20.01,췺콻,1514757,
1092,600516,잏업,10:37:19,19.88,40500,19.88,霑,805140,,,,,1057,600516,잏업,10:48:03,19.98,55500,20.02,췺콻,1111110,
1093,600516,잏업,10:35:57,19.8,59500,19.8,霑,1178100,,,,,1063,600516,잏업,10:47:13,20,55800,20.02,췺콻,1117116,
1098,600516,잏업,10:34:16,19.83,52000,19.8,霑,1029600,,,,,1064,600516,잏업,10:47:06,19.99,48200,20,췺콻,964000,
1100,600516,잏업,10:33:39,19.81,48100,19.8,霑,952380,,,,,1066,600516,잏업,10:46:18,19.97,47500,19.98,췺콻,949050,
1105,600516,잏업,10:32:48,19.91,71981,19.9,霑,1432421.9,,,,,1069,600516,잏업,10:45:40,19.95,132100,20,췺콻,2642000,
1106,600516,잏업,10:32:42,19.9,62900,19.88,霑,1250452,,,,,1070,600516,잏업,10:45:31,20.03,145845,20.04,췺콻,2922733.8,
1108,600516,잏업,10:32:30,19.94,62300,19.94,霑,1242262,,,,,1075,600516,잏업,10:44:43,19.93,111900,19.93,췺콻,2230167,
1109,600516,잏업,10:32:21,19.96,109000,19.95,霑,2174550,,,,,1076,600516,잏업,10:44:39,19.93,67700,19.94,췺콻,1349938,
1110,600516,잏업,10:32:15,19.96,93300,19.94,霑,1860402,,,,,1077,600516,잏업,10:44:33,19.93,55700,19.94,췺콻,1110658,
1112,600516,잏업,10:32:03,19.97,55400,19.97,霑,1106338,,,,,1079,600516,잏업,10:43:54,19.9,54630,19.92,췺콻,1088229.6,
1113,600516,잏업,10:31:54,19.96,58300,19.96,霑,1163668,,,,,1081,600516,잏업,10:42:10,19.9,85900,19.9,췺콻,1709410,
1115,600516,잏업,10:31:30,19.91,55639,19.89,霑,1106659.71,,,,,1082,600516,잏업,10:41:13,19.88,60300,19.91,췺콻,1200573,
1119,600516,잏업,10:30:45,19.88,83804,19.87,霑,1665185.48,,,,,1084,600516,잏업,10:40:40,19.92,52900,19.92,췺콻,1053768,
1120,600516,잏업,10:30:36,19.86,66300,19.85,霑,1316055,,,,,1086,600516,잏업,10:40:25,19.92,86945,19.98,췺콻,1737161.1,
1121,600516,잏업,10:30:30,19.85,41696,19.83,霑,826831.68,,,,,1087,600516,잏업,10:40:07,19.98,62300,19.98,췺콻,1244754,
1123,600516,잏업,10:30:00,19.85,171596,19.84,霑,3404464.64,,,,,1094,600516,잏업,10:35:46,19.8,86500,19.8,췺콻,1712700,
1124,600516,잏업,10:29:54,19.84,50100,19.83,霑,993483,,,,,1095,600516,잏업,10:35:06,19.79,80600,19.81,췺콻,1596686,
1125,600516,잏업,10:29:48,19.86,81800,19.85,霑,1623730,,,,,1096,600516,잏업,10:34:51,19.81,87200,19.81,췺콻,1727432,
1126,600516,잏업,10:28:18,19.85,195996,19.8,霑,3880720.8,,,,,1097,600516,잏업,10:34:27,19.81,119700,19.81,췺콻,2371257,
1129,600516,잏업,10:26:05,19.8,152100,19.77,霑,3007017,,,,,1099,600516,잏업,10:34:00,19.8,135100,19.85,췺콻,2681735,
1130,600516,잏업,10:25:47,19.77,151900,19.76,霑,3001544,,,,,1101,600516,잏업,10:33:34,19.8,162800,19.85,췺콻,3231580,
1134,600516,잏업,10:25:15,19.85,119800,19.84,霑,2376832,,,,,1102,600516,잏업,10:33:27,19.82,102200,19.85,췺콻,2028670,
1135,600516,잏업,10:24:22,19.89,47300,19.88,霑,940324,,,,,1103,600516,잏업,10:33:03,19.88,41300,19.9,췺콻,821870,
1137,600516,잏업,10:24:06,19.89,42000,19.88,霑,834960,,,,,1104,600516,잏업,10:32:54,19.9,47619,19.9,췺콻,947618.1,
1138,600516,잏업,10:23:19,19.88,70800,19.86,霑,1406088,,,,,1107,600516,잏업,10:32:39,19.88,48719,19.93,췺콻,970969.67,
1139,600516,잏업,10:23:09,19.87,50100,19.87,霑,995487,,,,,1111,600516,잏업,10:32:12,19.94,50800,19.96,췺콻,1013968,
1141,600516,잏업,10:22:28,19.94,43200,19.94,霑,861408,,,,,1114,600516,잏업,10:31:42,19.92,52600,19.92,췺콻,1047792,
1142,600516,잏업,10:22:22,19.94,164520,19.93,霑,3278883.6,,,,,1116,600516,잏업,10:31:15,19.87,47000,19.89,췺콻,934830,
1143,600516,잏업,10:21:52,19.93,55900,19.91,霑,1112969,,,,,1117,600516,잏업,10:31:06,19.87,67700,19.89,췺콻,1346553,
1144,600516,잏업,10:21:39,19.9,86500,19.87,霑,1718755,,,,,1118,600516,잏업,10:30:54,19.87,60600,19.89,췺콻,1205334,
1145,600516,잏업,10:21:13,19.82,42400,19.82,霑,840368,,,,,1122,600516,잏업,10:30:03,19.83,47704,19.85,췺콻,946924.4,
1146,600516,잏업,10:21:07,19.82,68900,19.8,霑,1364220,,,,,1127,600516,잏업,10:28:15,19.8,103504,19.84,췺콻,2053519.36,
1148,600516,잏업,10:20:52,19.81,47000,19.8,霑,930600,,,,,1128,600516,잏업,10:26:47,19.83,46200,19.83,췺콻,916146,
1149,600516,잏업,10:20:49,19.8,75800,19.8,霑,1500840,,,,,1131,600516,잏업,10:25:44,19.76,57020,19.8,췺콻,1128996,
1151,600516,잏업,10:20:10,19.77,43280,19.76,霑,855212.8,,,,,1132,600516,잏업,10:25:33,19.78,43800,19.8,췺콻,867240,
1152,600516,잏업,10:19:55,19.78,40180,19.76,霑,793956.8,,,,,1133,600516,잏업,10:25:29,19.8,41600,19.85,췺콻,825760,
1155,600516,잏업,10:19:09,19.84,41700,19.81,霑,826077,,,,,1136,600516,잏업,10:24:10,19.88,53300,19.89,췺콻,1060137,
1156,600516,잏업,10:18:22,19.77,59800,19.76,霑,1181648,,,,,1140,600516,잏업,10:22:31,19.9,112004,19.94,췺콻,2233359.76,
1158,600516,잏업,10:17:51,19.73,107100,19.72,霑,2112012,,,,,1147,600516,잏업,10:21:01,19.8,52200,19.8,췺콻,1033560,
1162,600516,잏업,10:17:24,19.7,96670,19.7,霑,1904399,,,,,1150,600516,잏업,10:20:36,19.78,78000,19.78,췺콻,1542840,
1164,600516,잏업,10:17:15,19.7,67000,19.7,霑,1319900,,,,,1153,600516,잏업,10:19:51,19.76,64000,19.78,췺콻,1265920,
1166,600516,잏업,10:16:58,19.7,46900,19.7,霑,923930,,,,,1154,600516,잏업,10:19:31,19.79,149400,19.83,췺콻,2962602,
1171,600516,잏업,10:16:00,19.74,61200,19.74,霑,1208088,,,,,1157,600516,잏업,10:17:57,19.71,86100,19.73,췺콻,1698753,
1173,600516,잏업,10:14:37,19.83,47300,19.82,霑,937486,,,,,1160,600516,잏업,10:17:42,19.7,75700,19.71,췺콻,1492047,
1174,600516,잏업,10:14:24,19.82,44700,19.8,霑,885060,,,,,1161,600516,잏업,10:17:28,19.68,86900,19.7,췺콻,1711930,
1179,600516,잏업,10:13:09,19.8,139560,19.79,霑,2761892.4,,,,,1163,600516,잏업,10:17:19,19.69,45400,19.7,췺콻,894380,
1180,600516,잏업,10:13:06,19.79,227600,19.77,霑,4499652,,,,,1165,600516,잏업,10:17:00,19.68,52938,19.7,췺콻,1042878.6,
1181,600516,잏업,10:12:36,19.74,40700,19.73,霑,803011,,,,,1167,600516,잏업,10:16:55,19.7,55600,19.7,췺콻,1095320,
1187,600516,잏업,10:12:09,19.72,131601,19.7,霑,2592539.7,,,,,1168,600516,잏업,10:16:45,19.69,115362,19.7,췺콻,2272631.4,
1189,600516,잏업,10:12:03,19.7,58500,19.69,霑,1151865,,,,,1169,600516,잏업,10:16:39,19.7,49838,19.72,췺콻,982805.36,
1190,600516,잏업,10:11:54,19.7,50900,19.7,霑,1002730,,,,,1170,600516,잏업,10:16:30,19.7,295038,19.71,췺콻,5815198.98,
1193,600516,잏업,10:11:33,19.74,73900,19.72,霑,1457308,,,,,1172,600516,잏업,10:15:57,19.74,54300,19.75,췺콻,1072425,
1201,600516,잏업,10:10:51,19.76,42400,19.75,霑,837400,,,,,1175,600516,잏업,10:14:21,19.8,42600,19.82,췺콻,844332,
1206,600516,잏업,10:10:27,19.79,48500,19.79,霑,959815,,,,,1176,600516,잏업,10:13:54,19.8,87840,19.85,췺콻,1743624,
1207,600516,잏업,10:09:54,19.8,150900,19.79,霑,2986311,,,,,1177,600516,잏업,10:13:36,19.82,51700,19.85,췺콻,1026245,
1209,600516,잏업,10:09:48,19.79,112500,19.76,霑,2223000,,,,,1178,600516,잏업,10:13:24,19.82,106900,19.82,췺콻,2118758,
1212,600516,잏업,10:09:36,19.76,41300,19.76,霑,816088,,,,,1182,600516,잏업,10:12:33,19.73,48300,19.72,췺콻,952476,
1213,600516,잏업,10:09:33,19.76,114400,19.75,霑,2259400,,,,,1183,600516,잏업,10:12:27,19.72,52100,19.74,췺콻,1028454,
1214,600516,잏업,10:09:30,19.75,58800,19.75,霑,1161300,,,,,1184,600516,잏업,10:12:18,19.72,46300,19.7,췺콻,912110,
1215,600516,잏업,10:09:27,19.75,55000,19.75,霑,1086250,,,,,1185,600516,잏업,10:12:16,19.7,429100,19.71,췺콻,8457561,
1217,600516,잏업,10:09:12,19.75,58800,19.74,霑,1160712,,,,,1186,600516,잏업,10:12:12,19.71,45900,19.72,췺콻,905148,
1219,600516,잏업,10:09:00,19.8,121300,19.79,霑,2400527,,,,,1188,600516,잏업,10:12:06,19.7,86561,19.7,췺콻,1705251.7,
1220,600516,잏업,10:08:57,19.79,40600,19.8,霑,803880,,,,,1191,600516,잏업,10:11:45,19.7,47800,19.71,췺콻,942138,
1222,600516,잏업,10:08:48,19.8,123600,19.8,霑,2447280,,,,,1192,600516,잏업,10:11:42,19.71,178900,19.73,췺콻,3529697,
1223,600516,잏업,10:08:45,19.8,71700,19.8,霑,1419660,,,,,1194,600516,잏업,10:11:30,19.72,127200,19.73,췺콻,2509656,
1224,600516,잏업,10:08:39,19.81,152000,19.8,霑,3009600,,,,,1195,600516,잏업,10:11:21,19.74,162300,19.75,췺콻,3205425,
1225,600516,잏업,10:08:30,19.8,203600,19.77,霑,4025172,,,,,1196,600516,잏업,10:11:18,19.75,49600,19.75,췺콻,979600,
1227,600516,잏업,10:08:24,19.78,383000,19.75,霑,7564250,,,,,1197,600516,잏업,10:11:03,19.74,172400,19.76,췺콻,3406624,
1234,600516,잏업,10:07:54,19.7,108600,19.7,霑,2139420,,,,,1200,600516,잏업,10:10:54,19.76,71900,19.76,췺콻,1420744,
1235,600516,잏업,10:07:51,19.7,76200,19.7,霑,1501140,,,,,1202,600516,잏업,10:10:48,19.75,40800,19.76,췺콻,806208,
1236,600516,잏업,10:07:48,19.7,145300,19.68,霑,2859504,,,,,1203,600516,잏업,10:10:39,19.76,77800,19.77,췺콻,1538106,
1239,600516,잏업,10:07:38,19.7,44200,19.7,霑,870740,,,,,1204,600516,잏업,10:10:33,19.77,48800,19.78,췺콻,965264,
1240,600516,잏업,10:07:35,19.7,127000,19.68,霑,2499360,,,,,1205,600516,잏업,10:10:30,19.78,250900,19.79,췺콻,4965311,
1245,600516,잏업,10:07:08,19.83,112520,19.8,霑,2227896,,,,,1208,600516,잏업,10:09:51,19.79,132600,19.79,췺콻,2624154,
1251,600516,잏업,10:06:35,19.87,224800,19.87,霑,4466776,,,,,1211,600516,잏업,10:09:39,19.76,41600,19.76,췺콻,822016,
1254,600516,잏업,10:05:38,19.95,44100,19.94,霑,879354,,,,,1216,600516,잏업,10:09:24,19.75,96200,19.76,췺콻,1900912,
1258,600516,잏업,10:03:57,20,44300,20,霑,886000,,,,,1218,600516,잏업,10:09:06,19.74,180000,19.76,췺콻,3556800,
1260,600516,잏업,10:03:30,19.99,45700,19.98,霑,913086,,,,,1221,600516,잏업,10:08:51,19.79,46400,19.8,췺콻,918720,
1261,600516,잏업,10:03:09,19.99,83700,19.97,霑,1671489,,,,,1226,600516,잏업,10:08:27,19.77,41700,19.78,췺콻,824826,
1262,600516,잏업,10:03:06,19.97,56700,19.97,霑,1132299,,,,,1228,600516,잏업,10:08:21,19.75,60200,19.78,췺콻,1190756,
1269,600516,잏업,10:00:06,20,176321,19.9,霑,3508787.9,,,,,1230,600516,잏업,10:08:06,19.73,89200,19.73,췺콻,1759916,
1271,600516,잏업,9:59:45,19.88,148900,19.86,霑,2957154,,,,,1232,600516,잏업,10:08:00,19.7,67300,19.7,췺콻,1325810,
1273,600516,잏업,9:59:36,19.86,58300,19.86,霑,1157838,,,,,1233,600516,잏업,10:07:57,19.7,174500,19.7,췺콻,3437650,
1274,600516,잏업,9:59:30,19.86,42500,19.85,霑,843625,,,,,1237,600516,잏업,10:07:45,19.68,172000,19.68,췺콻,3384960,
1276,600516,잏업,9:59:18,19.87,47900,19.85,霑,950815,,,,,1238,600516,잏업,10:07:42,19.68,185500,19.7,췺콻,3654350,
1280,600516,잏업,9:58:57,19.89,549000,19.89,霑,10919610,,,,,1241,600516,잏업,10:07:33,19.68,243600,19.68,췺콻,4794048,
1282,600516,잏업,9:58:51,19.9,80100,19.89,霑,1593189,,,,,1242,600516,잏업,10:07:26,19.7,358600,19.73,췺콻,7075178,
1284,600516,잏업,9:58:45,19.89,67800,19.89,霑,1348542,,,,,1243,600516,잏업,10:07:18,19.73,204700,19.8,췺콻,4053060,
1286,600516,잏업,9:58:30,19.96,266400,19.9,霑,5301360,,,,,1244,600516,잏업,10:07:11,19.8,220280,19.83,췺콻,4368152.4,
1288,600516,잏업,9:58:24,19.92,69200,19.92,霑,1378464,,,,,1246,600516,잏업,10:07:05,19.8,50000,19.81,췺콻,990500,
1292,600516,잏업,9:58:00,19.97,64100,19.93,霑,1277513,,,,,1247,600516,잏업,10:07:02,19.81,410800,19.83,췺콻,8146164,
1293,600516,잏업,9:57:57,19.93,71700,19.93,霑,1428981,,,,,1249,600516,잏업,10:06:47,19.84,68000,19.85,췺콻,1349800,
1301,600516,잏업,9:57:24,19.9,94900,19.88,霑,1886612,,,,,1252,600516,잏업,10:06:23,19.88,81900,19.89,췺콻,1628991,
1302,600516,잏업,9:57:21,19.88,129700,19.85,霑,2574545,,,,,1253,600516,잏업,10:05:57,19.9,61500,19.91,췺콻,1224465,
1305,600516,잏업,9:57:12,19.86,174500,19.84,霑,3462080,,,,,1256,600516,잏업,10:04:41,19.99,218900,20,췺콻,4378000,
1312,600516,잏업,9:56:51,19.9,50900,19.9,霑,1012910,,,,,1257,600516,잏업,10:04:21,19.99,62400,20,췺콻,1248000,
1317,600516,잏업,9:56:33,19.98,79300,19.98,霑,1584414,,,,,1259,600516,잏업,10:03:42,19.99,49900,19.99,췺콻,997501,
1319,600516,잏업,9:56:24,20,45600,19.99,霑,911544,,,,,1263,600516,잏업,10:00:51,19.95,56700,19.96,췺콻,1131732,
1321,600516,잏업,9:56:18,20,135200,20,霑,2704000,,,,,1264,600516,잏업,10:00:21,19.95,476000,20,췺콻,9520000,
1325,600516,잏업,9:55:45,20.08,42900,20.08,霑,861432,,,,,1265,600516,잏업,10:00:18,20,155100,20,췺콻,3102000,
1328,600516,잏업,9:55:21,20.09,58400,20.09,霑,1173256,,,,,1266,600516,잏업,10:00:15,20,89855,20,췺콻,1797100,
1330,600516,잏업,9:55:06,20.09,89300,20.09,霑,1794037,,,,,1267,600516,잏업,10:00:12,20,72900,20,췺콻,1458000,
1331,600516,잏업,9:55:03,20.09,74800,20.08,霑,1501984,,,,,1268,600516,잏업,10:00:09,20,109900,20,췺콻,2198000,
1332,600516,잏업,9:54:51,20.1,153400,20.08,霑,3080272,,,,,1270,600516,잏업,9:59:54,19.9,57300,19.9,췺콻,1140270,
1334,600516,잏업,9:54:36,20.09,83100,20.08,霑,1668648,,,,,1272,600516,잏업,9:59:42,19.86,83800,19.87,췺콻,1665106,
1338,600516,잏업,9:54:18,20.08,55100,20.05,霑,1104755,,,,,1275,600516,잏업,9:59:27,19.85,74100,19.85,췺콻,1470885,
1339,600516,잏업,9:54:09,20.05,143400,20.05,霑,2875170,,,,,1277,600516,잏업,9:59:15,19.85,61100,19.87,췺콻,1214057,
1340,600516,잏업,9:54:06,20.05,131100,20.05,霑,2628555,,,,,1278,600516,잏업,9:59:09,19.86,43800,19.86,췺콻,869868,
1343,600516,잏업,9:53:30,20.02,61700,20.02,霑,1235234,,,,,1279,600516,잏업,9:59:06,19.86,106700,19.87,췺콻,2120129,
1344,600516,잏업,9:53:27,20.02,105900,20.03,霑,2121177,,,,,1281,600516,잏업,9:58:54,19.89,68700,19.9,췺콻,1367130,
1349,600516,잏업,9:52:39,20,48600,19.99,霑,971514,,,,,1283,600516,잏업,9:58:48,19.89,53000,19.89,췺콻,1054170,
1352,600516,잏업,9:52:21,20.05,377800,20.05,霑,7574890,,,,,1285,600516,잏업,9:58:36,19.89,66800,19.9,췺콻,1329320,
1354,600516,잏업,9:52:06,20.05,46900,20.01,霑,938469,,,,,1287,600516,잏업,9:58:27,19.9,228279,19.92,췺콻,4547317.68,
1357,600516,잏업,9:51:57,20.05,141800,20,霑,2836000,,,,,1289,600516,잏업,9:58:21,19.92,66600,19.93,췺콻,1327338,
1358,600516,잏업,9:51:51,20,87255,20,霑,1745100,,,,,1290,600516,잏업,9:58:15,19.93,50100,19.95,췺콻,999495,
1359,600516,잏업,9:51:48,20,48300,20,霑,966000,,,,,1291,600516,잏업,9:58:06,19.93,335200,19.93,췺콻,6680536,
1365,600516,잏업,9:51:27,20.06,169500,19.98,霑,3386610,,,,,1294,600516,잏업,9:57:54,19.93,116900,19.93,췺콻,2329817,
1367,600516,잏업,9:51:21,20,147500,19.99,霑,2948525,,,,,1295,600516,잏업,9:57:51,19.93,43800,19.93,췺콻,872934,
1368,600516,잏업,9:51:18,19.99,58980,19.99,霑,1179010.2,,,,,1296,600516,잏업,9:57:42,19.93,305621,19.93,췺콻,6091026.53,
1370,600516,잏업,9:51:12,19.99,120700,19.98,霑,2411586,,,,,1297,600516,잏업,9:57:39,19.93,51900,19.92,췺콻,1033848,
1371,600516,잏업,9:51:06,19.99,54500,19.99,霑,1089455,,,,,1299,600516,잏업,9:57:33,19.9,91200,19.93,췺콻,1817616,
1374,600516,잏업,9:50:57,20,70000,20,霑,1400000,,,,,1300,600516,잏업,9:57:27,19.9,81500,19.9,췺콻,1621850,
1378,600516,잏업,9:50:36,20.07,90800,20,霑,1816000,,,,,1303,600516,잏업,9:57:18,19.85,56600,19.85,췺콻,1123510,
1380,600516,잏업,9:50:24,20.09,54300,20.09,霑,1090887,,,,,1304,600516,잏업,9:57:15,19.85,84200,19.86,췺콻,1672212,
1381,600516,잏업,9:50:15,20.09,56800,20.08,霑,1140544,,,,,1306,600516,잏업,9:57:09,19.84,78500,19.84,췺콻,1557440,
1384,600516,잏업,9:49:57,20.08,52600,20.08,霑,1056208,,,,,1308,600516,잏업,9:57:03,19.82,67200,19.85,췺콻,1333920,
1386,600516,잏업,9:49:39,20.1,58500,20.09,霑,1175265,,,,,1309,600516,잏업,9:57:00,19.85,161100,19.88,췺콻,3202668,
1389,600516,잏업,9:49:06,20,190200,19.99,霑,3802098,,,,,1310,600516,잏업,9:56:57,19.88,49300,19.88,췺콻,980084,
1390,600516,잏업,9:49:03,19.99,144700,19.99,霑,2892553,,,,,1311,600516,잏업,9:56:54,19.88,62800,19.9,췺콻,1249720,
1393,600516,잏업,9:48:54,20,179400,20,霑,3588000,,,,,1313,600516,잏업,9:56:45,19.9,40900,19.94,췺콻,815546,
1396,600516,잏업,9:48:45,20,123700,19.99,霑,2472763,,,,,1314,600516,잏업,9:56:42,19.94,442900,19.95,췺콻,8835855,
1399,600516,잏업,9:48:36,20,43200,20,霑,864000,,,,,1315,600516,잏업,9:56:39,19.95,251500,19.97,췺콻,5022455,
1401,600516,잏업,9:48:27,20.05,41700,20,霑,834000,,,,,1316,600516,잏업,9:56:36,19.97,119200,19.98,췺콻,2381616,
1403,600516,잏업,9:48:15,20.1,173900,20.09,霑,3493651,,,,,1318,600516,잏업,9:56:30,19.98,132820,19.99,췺콻,2655071.8,
1405,600516,잏업,9:48:03,20.1,511300,20.06,霑,10256678,,,,,1320,600516,잏업,9:56:21,19.99,60100,20,췺콻,1202000,
1409,600516,잏업,9:47:48,20.1,232600,20.04,霑,4661304,,,,,1322,600516,잏업,9:56:15,20,370745,20.03,췺콻,7426022.35,
1411,600516,잏업,9:47:42,20.1,75900,20.07,霑,1523313,,,,,1323,600516,잏업,9:56:06,20.03,45300,20.05,췺콻,908265,
1413,600516,잏업,9:47:30,20.15,238900,20.15,霑,4813835,,,,,1324,600516,잏업,9:56:00,20.05,216299,20.07,췺콻,4341120.93,
1415,600516,잏업,9:47:21,20.18,72900,20.18,霑,1471122,,,,,1326,600516,잏업,9:55:36,20.08,41800,20.08,췺콻,839344,
1416,600516,잏업,9:47:12,20.2,71220,20.16,霑,1435795.2,,,,,1327,600516,잏업,9:55:24,20.09,78600,20.09,췺콻,1579074,
1418,600516,잏업,9:47:03,20.18,95800,20.17,霑,1932286,,,,,1329,600516,잏업,9:55:12,20.09,68400,20.1,췺콻,1374840,
1421,600516,잏업,9:46:54,20.16,89555,20.14,霑,1803637.7,,,,,1333,600516,잏업,9:54:45,20.08,46400,20.1,췺콻,932640,
1424,600516,잏업,9:46:21,20.16,242600,20.12,霑,4881112,,,,,1336,600516,잏업,9:54:30,20.07,46100,20.08,췺콻,925688,
1425,600516,잏업,9:46:14,20.12,60300,20.11,霑,1212633,,,,,1341,600516,잏업,9:53:54,20.03,73500,20.04,췺콻,1472940,
1426,600516,잏업,9:46:06,20.12,169500,20.1,霑,3406950,,,,,1342,600516,잏업,9:53:33,20.02,59100,20.02,췺콻,1183182,
1433,600516,잏업,9:45:14,20.21,113200,20.2,霑,2286640,,,,,1345,600516,잏업,9:53:18,20.02,81700,20.02,췺콻,1635634,
1435,600516,잏업,9:45:09,20.21,79900,20.21,霑,1614779,,,,,1346,600516,잏업,9:53:00,20,42700,20.02,췺콻,854854,
1436,600516,잏업,9:45:05,20.21,45000,20.21,霑,909450,,,,,1347,600516,잏업,9:52:45,19.99,83000,19.99,췺콻,1659170,
1439,600516,잏업,9:44:44,20.21,94100,20.17,霑,1897997,,,,,1348,600516,잏업,9:52:42,19.99,54100,20,췺콻,1082000,
1440,600516,잏업,9:44:32,20.15,85400,20.13,霑,1719102,,,,,1350,600516,잏업,9:52:36,19.99,43300,20,췺콻,866000,
1441,600516,잏업,9:44:29,20.13,67000,20.11,霑,1347370,,,,,1351,600516,잏업,9:52:27,20,118445,20.04,췺콻,2373637.8,
1443,600516,잏업,9:44:14,20.13,52500,20.11,霑,1055775,,,,,1353,600516,잏업,9:52:12,20.02,57500,20.05,췺콻,1152875,
1445,600516,잏업,9:44:02,20.1,424655,20.1,霑,8535565.5,,,,,1355,600516,잏업,9:52:03,20.01,93200,20.02,췺콻,1865864,
1446,600516,잏업,9:43:56,20.1,49200,20.09,霑,988428,,,,,1360,600516,잏업,9:51:45,20,70145,20.02,췺콻,1404302.9,
1449,600516,잏업,9:43:47,20.12,43600,20.1,霑,876360,,,,,1361,600516,잏업,9:51:39,20,214800,20.06,췺콻,4308888,
1451,600516,잏업,9:43:41,20.13,46200,20.1,霑,928620,,,,,1364,600516,잏업,9:51:30,20,97455,20.06,췺콻,1954947.3,
1454,600516,잏업,9:43:32,20.18,351100,20.15,霑,7074665,,,,,1366,600516,잏업,9:51:24,19.98,205400,20,췺콻,4108000,
1456,600516,잏업,9:43:23,20.2,72200,20.2,霑,1458440,,,,,1369,600516,잏업,9:51:15,19.99,104520,19.99,췺콻,2089354.8,
1461,600516,잏업,9:43:03,20.28,89600,20.29,霑,1817984,,,,,1372,600516,잏업,9:51:03,19.99,78800,19.99,췺콻,1575212,
1462,600516,잏업,9:43:00,20.29,56700,20.29,霑,1150443,,,,,1373,600516,잏업,9:51:00,19.99,92000,20,췺콻,1840000,
1463,600516,잏업,9:42:51,20.3,152700,20.28,霑,3096756,,,,,1375,600516,잏업,9:50:51,19.99,51180,20,췺콻,1023600,
1464,600516,잏업,9:42:48,20.28,52600,20.28,霑,1066728,,,,,1376,600516,잏업,9:50:42,19.99,320300,20.06,췺콻,6425218,
1465,600516,잏업,9:42:45,20.28,218100,20.28,霑,4423068,,,,,1379,600516,잏업,9:50:33,20,576900,20.08,췺콻,11584152,
1468,600516,잏업,9:42:36,20.3,93500,20.3,霑,1898050,,,,,1382,600516,잏업,9:50:09,20.09,75300,20.09,췺콻,1512777,
1469,600516,잏업,9:42:27,20.31,90900,20.25,霑,1840725,,,,,1383,600516,잏업,9:50:03,20.08,50700,20.08,췺콻,1018056,
1470,600516,잏업,9:42:24,20.25,261500,20.25,霑,5295375,,,,,1385,600516,잏업,9:49:51,20.07,44328,20.11,췺콻,891436.08,
1474,600516,잏업,9:42:09,20.25,47000,20.25,霑,951750,,,,,1387,600516,잏업,9:49:33,20.05,43000,20.06,췺콻,862580,
1479,600516,잏업,9:41:39,20.29,40000,20.22,霑,808800,,,,,1388,600516,잏업,9:49:24,20.04,110600,20.04,췺콻,2216424,
1480,600516,잏업,9:41:33,20.25,58000,20.25,霑,1174500,,,,,1391,600516,잏업,9:49:00,19.99,93300,19.99,췺콻,1865067,
1482,600516,잏업,9:41:24,20.29,71700,20.29,霑,1454793,,,,,1392,600516,잏업,9:48:57,19.99,179400,20,췺콻,3588000,
1483,600516,잏업,9:41:21,20.29,55100,20.27,霑,1116877,,,,,1394,600516,잏업,9:48:51,20,142500,20,췺콻,2850000,
1487,600516,잏업,9:41:09,20.33,194400,20.26,霑,3938544,,,,,1395,600516,잏업,9:48:48,20,82400,20,췺콻,1648000,
1489,600516,잏업,9:41:03,20.3,93100,20.28,霑,1888068,,,,,1397,600516,잏업,9:48:42,19.99,84500,19.99,췺콻,1689155,
1490,600516,잏업,9:41:00,20.28,40000,20.27,霑,810800,,,,,1398,600516,잏업,9:48:39,19.99,120900,20,췺콻,2418000,
1494,600516,잏업,9:40:48,20.3,55800,20.3,霑,1132740,,,,,1400,600516,잏업,9:48:33,20,107100,20.01,췺콻,2143071,
1495,600516,잏업,9:40:45,20.3,131500,20.27,霑,2665505,,,,,1402,600516,잏업,9:48:21,20,183300,20.08,췺콻,3680664,
1498,600516,잏업,9:40:27,20.3,118100,20.2,霑,2385620,,,,,1404,600516,잏업,9:48:12,20.09,108000,20.09,췺콻,2169720,
1500,600516,잏업,9:40:18,20.3,78300,20.3,霑,1589490,,,,,1406,600516,잏업,9:47:57,20.1,152245,20.1,췺콻,3060124.5,
1501,600516,잏업,9:40:15,20.3,158000,20.27,霑,3202660,,,,,1407,600516,잏업,9:47:54,20.1,207955,20.1,췺콻,4179895.5,
1503,600516,잏업,9:40:09,20.38,71500,20.37,霑,1456455,,,,,1408,600516,잏업,9:47:51,20.1,92000,20.1,췺콻,1849200,
1507,600516,잏업,9:39:57,20.42,122000,20.4,霑,2488800,,,,,1410,600516,잏업,9:47:45,20.04,102100,20.1,췺콻,2052210,
1509,600516,잏업,9:39:51,20.4,88100,20.39,霑,1796359,,,,,1412,600516,잏업,9:47:33,20.1,181280,20.15,췺콻,3652792,
1512,600516,잏업,9:39:42,20.4,138700,20.38,霑,2826706,,,,,1414,600516,잏업,9:47:27,20.15,152900,20.18,췺콻,3085522,
1514,600516,잏업,9:39:36,20.4,549000,20.35,霑,11172150,,,,,1417,600516,잏업,9:47:09,20.16,446945,20.18,췺콻,9019350.1,
1516,600516,잏업,9:39:30,20.37,60924,20.35,霑,1239803.4,,,,,1420,600516,잏업,9:46:57,20.16,70400,20.16,췺콻,1419264,
1517,600516,잏업,9:39:27,20.35,110600,20.35,霑,2250710,,,,,1422,600516,잏업,9:46:32,20.14,304600,20.16,췺콻,6140736,
1518,600516,잏업,9:39:24,20.35,168300,20.33,霑,3421539,,,,,1423,600516,잏업,9:46:24,20.1,298900,20.16,췺콻,6025824,
1520,600516,잏업,9:39:18,20.38,510400,20.32,霑,10371328,,,,,1427,600516,잏업,9:46:02,20.1,100500,20.11,췺콻,2021055,
1522,600516,잏업,9:39:12,20.38,110500,20.33,霑,2246465,,,,,1428,600516,잏업,9:45:59,20.11,384945,20.13,췺콻,7748942.85,
1524,600516,잏업,9:39:06,20.33,377000,20.29,霑,7649330,,,,,1429,600516,잏업,9:45:56,20.13,116700,20.13,췺콻,2349171,
1525,600516,잏업,9:39:03,20.29,121900,20.28,霑,2472132,,,,,1430,600516,잏업,9:45:53,20.13,110500,20.14,췺콻,2225470,
1526,600516,잏업,9:39:00,20.28,139100,20.28,霑,2820948,,,,,1431,600516,잏업,9:45:38,20.17,101000,20.18,췺콻,2038180,
1528,600516,잏업,9:38:54,20.33,59300,20.4,霑,1209720,,,,,1432,600516,잏업,9:45:17,20.2,109200,20.21,췺콻,2206932,
1529,600516,잏업,9:38:51,20.4,276700,20.3,霑,5617010,,,,,1434,600516,잏업,9:45:11,20.2,47800,20.21,췺콻,966038,
1530,600516,잏업,9:38:48,20.3,55000,20.25,霑,1113750,,,,,1438,600516,잏업,9:44:48,20.2,67700,20.21,췺콻,1368217,
1533,600516,잏업,9:38:39,20.3,641520,20.13,霑,12913797.6,,,,,1442,600516,잏업,9:44:26,20.11,88900,20.13,췺콻,1789557,
1534,600516,잏업,9:38:27,20.25,731200,20.09,霑,14689808,,,,,1447,600516,잏업,9:43:53,20.09,43800,20.09,췺콻,879942,
1537,600516,잏업,9:38:18,20.1,81400,20.08,霑,1634512,,,,,1448,600516,잏업,9:43:50,20.09,583885,20.12,췺콻,11747766.2,
1539,600516,잏업,9:38:12,20.11,117900,20.1,霑,2369790,,,,,1450,600516,잏업,9:43:44,20.1,119800,20.13,췺콻,2411574,
1540,600516,잏업,9:38:09,20.1,42800,20.1,霑,860280,,,,,1452,600516,잏업,9:43:38,20.1,416815,20.12,췺콻,8386317.8,
1543,600516,잏업,9:38:00,20.15,238700,20.1,霑,4797870,,,,,1453,600516,잏업,9:43:35,20.12,56200,20.18,췺콻,1134116,
1545,600516,잏업,9:37:54,20.1,78700,20.1,霑,1581870,,,,,1455,600516,잏업,9:43:26,20.13,151000,20.2,췺콻,3050200,
1546,600516,잏업,9:37:51,20.1,55000,20.1,霑,1105500,,,,,1457,600516,잏업,9:43:20,20.2,164200,20.23,췺콻,3321766,
1547,600516,잏업,9:37:48,20.1,175300,20.09,霑,3521777,,,,,1458,600516,잏업,9:43:17,20.23,155300,20.23,췺콻,3141719,
1550,600516,잏업,9:37:36,20.1,168600,20.09,霑,3387174,,,,,1459,600516,잏업,9:43:09,20.25,49100,20.27,췺콻,995257,
1552,600516,잏업,9:37:30,20.15,49500,20.15,霑,997425,,,,,1466,600516,잏업,9:42:42,20.28,45500,20.3,췺콻,923650,
1553,600516,잏업,9:37:24,20.15,73900,20.1,霑,1485390,,,,,1467,600516,잏업,9:42:39,20.3,50000,20.3,췺콻,1015000,
1555,600516,잏업,9:37:18,20.18,50700,20.16,霑,1022112,,,,,1471,600516,잏업,9:42:21,20.25,93300,20.3,췺콻,1893990,
1558,600516,잏업,9:37:06,20.18,119100,20.18,霑,2403438,,,,,1472,600516,잏업,9:42:15,20.25,468600,20.25,췺콻,9489150,
1560,600516,잏업,9:36:57,20.19,42500,20.12,霑,855100,,,,,1473,600516,잏업,9:42:12,20.25,80800,20.25,췺콻,1636200,
1563,600516,잏업,9:36:48,20.2,107900,20.2,霑,2179580,,,,,1475,600516,잏업,9:42:03,20.24,67100,20.24,췺콻,1358104,
1565,600516,잏업,9:36:39,20.2,637800,20.14,霑,12845292,,,,,1477,600516,잏업,9:41:51,20.22,143300,20.25,췺콻,2901825,
1567,600516,잏업,9:36:30,20.11,71300,20.09,霑,1432417,,,,,1478,600516,잏업,9:41:45,20.25,42800,20.25,췺콻,866700,
1569,600516,잏업,9:36:24,20.12,65000,20.05,霑,1303250,,,,,1481,600516,잏업,9:41:27,20.25,258800,20.29,췺콻,5251052,
1571,600516,잏업,9:36:15,20.1,161740,20.01,霑,3236417.4,,,,,1484,600516,잏업,9:41:18,20.27,117600,20.3,췺콻,2387280,
1574,600516,잏업,9:36:06,20.06,47900,20.01,霑,958479,,,,,1485,600516,잏업,9:41:15,20.3,41700,20.31,췺콻,846927,
1576,600516,잏업,9:36:00,20,374900,20,霑,7498000,,,,,1486,600516,잏업,9:41:12,20.31,73700,20.33,췺콻,1498321,
1577,600516,잏업,9:35:57,20,192000,19.98,霑,3836160,,,,,1488,600516,잏업,9:41:07,20.26,501500,20.3,췺콻,10180450,
1581,600516,잏업,9:35:45,20,1428070,19.96,霑,28504277.2,,,,,1492,600516,잏업,9:40:54,20.26,40400,20.27,췺콻,818908,
1583,600516,잏업,9:35:39,19.98,105200,19.98,霑,2101896,,,,,1496,600516,잏업,9:40:42,20.27,103000,20.3,췺콻,2090900,
1585,600516,잏업,9:35:33,20,180200,20,霑,3604000,,,,,1499,600516,잏업,9:40:21,20.18,115000,20.3,췺콻,2334500,
1586,600516,잏업,9:35:30,20,213600,20,霑,4272000,,,,,1502,600516,잏업,9:40:12,20.27,329060,20.38,췺콻,6706242.8,
1588,600516,잏업,9:35:24,20.05,214800,20.05,霑,4306740,,,,,1504,600516,잏업,9:40:06,20.37,168200,20.41,췺콻,3432962,
1591,600516,잏업,9:35:15,20.1,155560,20.1,霑,3126756,,,,,1506,600516,잏업,9:40:00,20.4,225900,20.42,췺콻,4612878,
1592,600516,잏업,9:35:12,20.1,127140,20.1,霑,2555514,,,,,1508,600516,잏업,9:39:54,20.4,74700,20.4,췺콻,1523880,
1595,600516,잏업,9:35:03,20.13,200000,20.14,霑,4028000,,,,,1511,600516,잏업,9:39:45,20.37,58200,20.4,췺콻,1187280,
1596,600516,잏업,9:35:00,20.14,184600,20.13,霑,3715998,,,,,1513,600516,잏업,9:39:39,20.38,119000,20.4,췺콻,2427600,
1598,600516,잏업,9:34:51,20.11,46800,20.1,霑,940680,,,,,1515,600516,잏업,9:39:33,20.35,115876,20.37,췺콻,2360394.12,
1600,600516,잏업,9:34:45,20.11,553760,20.07,霑,11113963.2,,,,,1519,600516,잏업,9:39:21,20.33,41940,20.38,췺콻,854737.2,
1601,600516,잏업,9:34:42,20.07,72300,20.07,霑,1451061,,,,,1523,600516,잏업,9:39:09,20.33,53900,20.33,췺콻,1095787,
1602,600516,잏업,9:34:39,20.07,1057200,20.04,霑,21186288,,,,,1531,600516,잏업,9:38:45,20.25,157280,20.3,췺콻,3192784,
1605,600516,잏업,9:34:30,20.1,454400,20.08,霑,9124352,,,,,1532,600516,잏업,9:38:42,20.3,56000,20.3,췺콻,1136800,
1606,600516,잏업,9:34:27,20.08,151500,20.01,霑,3031515,,,,,1536,600516,잏업,9:38:21,20.1,43300,20.1,췺콻,870330,
1607,600516,잏업,9:34:24,20.01,101100,20,霑,2022000,,,,,1538,600516,잏업,9:38:15,20.08,81100,20.11,췺콻,1630921,
1611,600516,잏업,9:34:09,20.05,59900,20,霑,1198000,,,,,1541,600516,잏업,9:38:06,20.1,148000,20.1,췺콻,2974800,
1615,600516,잏업,9:33:57,19.98,140100,19.95,霑,2794995,,,,,1542,600516,잏업,9:38:03,20.1,41800,20.15,췺콻,842270,
1617,600516,잏업,9:33:51,19.95,237580,19.94,霑,4737345.2,,,,,1544,600516,잏업,9:37:57,20.1,162700,20.1,췺콻,3270270,
1620,600516,잏업,9:33:42,19.98,152800,19.93,霑,3045304,,,,,1548,600516,잏업,9:37:45,20.09,49300,20.1,췺콻,990930,
1622,600516,잏업,9:33:36,20,143800,20,霑,2876000,,,,,1549,600516,잏업,9:37:42,20.1,63600,20.15,췺콻,1281540,
1623,600516,잏업,9:33:33,20,199300,20,霑,3986000,,,,,1551,600516,잏업,9:37:33,20.09,111900,20.15,췺콻,2254785,
1626,600516,잏업,9:33:24,20.14,232340,20.08,霑,4665387.2,,,,,1554,600516,잏업,9:37:21,20.1,40900,20.18,췺콻,825362,
1629,600516,잏업,9:33:15,20.11,721200,20.1,霑,14496120,,,,,1556,600516,잏업,9:37:12,20.1,225300,20.15,췺콻,4539795,
1630,600516,잏업,9:33:12,20.1,126300,20.1,霑,2538630,,,,,1557,600516,잏업,9:37:09,20.15,165300,20.18,췺콻,3335754,
1635,600516,잏업,9:32:57,20.12,163560,20.1,霑,3287556,,,,,1561,600516,잏업,9:36:54,20.12,54900,20.14,췺콻,1105686,
1636,600516,잏업,9:32:54,20.1,249200,20.05,霑,4996460,,,,,1564,600516,잏업,9:36:42,20.19,63200,20.2,췺콻,1276640,
1638,600516,잏업,9:32:48,20.1,175500,20.05,霑,3518775,,,,,1566,600516,잏업,9:36:33,20.12,161100,20.11,췺콻,3239721,
1640,600516,잏업,9:32:42,20.12,235500,20.09,霑,4731195,,,,,1568,600516,잏업,9:36:27,20.09,130700,20.12,췺콻,2629684,
1641,600516,잏업,9:32:39,20.09,193700,20.07,霑,3887559,,,,,1570,600516,잏업,9:36:21,20.05,91100,20.1,췺콻,1831110,
1645,600516,잏업,9:32:27,20.1,190500,20.1,霑,3829050,,,,,1572,600516,잏업,9:36:12,20.01,159600,20.02,췺콻,3195192,
1647,600516,잏업,9:32:21,20.17,167000,20.12,霑,3360040,,,,,1573,600516,잏업,9:36:09,20.02,830100,20.06,췺콻,16651806,
1649,600516,잏업,9:32:15,20.2,244700,20.2,霑,4942940,,,,,1578,600516,잏업,9:35:54,19.98,125000,19.98,췺콻,2497500,
1654,600516,잏업,9:32:00,20.36,142100,20.3,霑,2884630,,,,,1579,600516,잏업,9:35:51,19.98,97100,20,췺콻,1942000,
1657,600516,잏업,9:31:51,20.4,577800,20.4,霑,11787120,,,,,1580,600516,잏업,9:35:48,20,92200,20,췺콻,1844000,
1659,600516,잏업,9:31:45,20.42,398000,20.4,霑,8119200,,,,,1582,600516,잏업,9:35:42,19.96,295500,19.98,췺콻,5904090,
1661,600516,잏업,9:31:39,20.48,271600,20.48,霑,5562368,,,,,1584,600516,잏업,9:35:36,19.98,184700,20,췺콻,3694000,
1663,600516,잏업,9:31:33,20.5,579800,20.4,霑,11827920,,,,,1587,600516,잏업,9:35:27,20,274100,20.05,췺콻,5495705,
1665,600516,잏업,9:31:27,20.48,164200,20.42,霑,3352964,,,,,1589,600516,잏업,9:35:21,20.05,473500,20.07,췺콻,9503145,
1668,600516,잏업,9:31:18,20.4,292400,20.37,霑,5956188,,,,,1590,600516,잏업,9:35:18,20.07,115240,20.1,췺콻,2316324,
1669,600516,잏업,9:31:15,20.37,417800,20.31,霑,8485518,,,,,1593,600516,잏업,9:35:09,20.1,174300,20.12,췺콻,3506916,
1671,600516,잏업,9:31:09,20.3,605500,20.23,霑,12249265,,,,,1594,600516,잏업,9:35:06,20.12,221800,20.13,췺콻,4464834,
1673,600516,잏업,9:31:03,20.22,123700,20.2,霑,2498740,,,,,1599,600516,잏업,9:34:48,20.1,48000,20.11,췺콻,965280,
1675,600516,잏업,9:30:57,20.22,144000,20.2,霑,2908800,,,,,1604,600516,잏업,9:34:33,20.05,207500,20.1,췺콻,4170750,
1676,600516,잏업,9:30:54,20.2,131000,20.18,霑,2643580,,,,,1608,600516,잏업,9:34:21,20,571200,20.08,췺콻,11469696,
1678,600516,잏업,9:30:48,20.28,285600,20.13,霑,5749128,,,,,1610,600516,잏업,9:34:12,20.01,48000,20.05,췺콻,962400,
1680,600516,잏업,9:30:42,20.27,200500,20.2,霑,4050100,,,,,1612,600516,잏업,9:34:06,20,197700,20,췺콻,3954000,
1681,600516,잏업,9:30:39,20.2,111332,20.17,霑,2245566.44,,,,,1614,600516,잏업,9:34:00,19.96,159100,19.98,췺콻,3178818,
1683,600516,잏업,9:30:33,20.2,209100,20.2,霑,4223820,,,,,1616,600516,잏업,9:33:54,19.95,211760,19.95,췺콻,4224612,
1685,600516,잏업,9:30:27,20.28,159200,20.2,霑,3215840,,,,,1619,600516,잏업,9:33:45,19.93,110361,19.98,췺콻,2205012.78,
1688,600516,잏업,9:30:18,20.3,138500,20.29,霑,2810165,,,,,1621,600516,잏업,9:33:39,19.93,122100,20,췺콻,2442000,
1691,600516,잏업,9:30:09,20.39,184300,20.37,霑,3754191,,,,,1624,600516,잏업,9:33:30,20,301300,20.11,췺콻,6059143,
1692,600516,잏업,9:30:06,20.37,895200,20.34,霑,18208368,,,,,1625,600516,잏업,9:33:27,20.11,651800,20.14,췺콻,13127252,
1693,600516,잏업,9:30:03,20.34,5246160,20.2,霑,105972432,,,,,1627,600516,잏업,9:33:21,20.08,717600,20.08,췺콻,14409408,
1695,600516,잏업,9:25:01,20.29,7942100,0,霑,0,,,,,1628,600516,잏업,9:33:18,20.08,206500,20.11,췺콻,4152715,
,,,,,,,,,,,,,1631,600516,잏업,9:33:09,20.1,100900,20.1,췺콻,2028090,
,,,,,,,,,,,,,1634,600516,잏업,9:33:00,20.06,100800,20.12,췺콻,2028096,
,,,,,,,,,,,,,1637,600516,잏업,9:32:51,20.05,213000,20.1,췺콻,4281300,
,,,,,,,,,,,,,1639,600516,잏업,9:32:45,20.05,65800,20.12,췺콻,1323896,
,,,,,,,,,,,,,1642,600516,잏업,9:32:36,20.07,337460,20.1,췺콻,6782946,
,,,,,,,,,,,,,1643,600516,잏업,9:32:33,20.1,1197400,20.08,췺콻,24043792,
,,,,,,,,,,,,,1644,600516,잏업,9:32:30,20.08,141640,20.1,췺콻,2846964,
,,,,,,,,,,,,,1646,600516,잏업,9:32:24,20.1,404660,20.17,췺콻,8161992.2,
,,,,,,,,,,,,,1648,600516,잏업,9:32:18,20.12,199300,20.2,췺콻,4025860,
,,,,,,,,,,,,,1652,600516,잏업,9:32:06,20.2,306100,20.29,췺콻,6210769,
,,,,,,,,,,,,,1655,600516,잏업,9:31:57,20.3,490800,20.38,췺콻,10002504,
,,,,,,,,,,,,,1656,600516,잏업,9:31:54,20.38,169500,20.4,췺콻,3457800,
,,,,,,,,,,,,,1658,600516,잏업,9:31:48,20.4,187500,20.42,췺콻,3828750,
,,,,,,,,,,,,,1660,600516,잏업,9:31:42,20.4,511300,20.48,췺콻,10471424,
,,,,,,,,,,,,,1662,600516,잏업,9:31:36,20.48,251900,20.5,췺콻,5163950,
,,,,,,,,,,,,,1664,600516,잏업,9:31:30,20.4,614300,20.48,췺콻,12580864,
,,,,,,,,,,,,,1674,600516,잏업,9:31:00,20.2,143800,20.22,췺콻,2907636,
,,,,,,,,,,,,,1679,600516,잏업,9:30:45,20.13,343800,20.27,췺콻,6968826,
,,,,,,,,,,,,,1682,600516,잏업,9:30:36,20.17,104800,20.2,췺콻,2116960,
,,,,,,,,,,,,,1686,600516,잏업,9:30:24,20.2,223400,20.28,췺콻,4530552,
,,,,,,,,,,,,,1687,600516,잏업,9:30:21,20.28,268000,20.3,췺콻,5440400,
,,,,,,,,,,,,,1689,600516,잏업,9:30:15,20.29,981260,20.34,췺콻,19958828.4,
,,,,,,,,,,,,,1690,600516,잏업,9:30:12,20.34,82500,20.39,췺콻,1682175,
,,,,,,,,,,,,,1694,600516,잏업,9:30:00,20.2,897800,20.29,췺콻,18216362,
,,,,,,,,,,,,,,,,,,,,,,
,,,,,,,,,,,,,,,,,,,,,,
,,,,,,,,,,,,,,,,,,,,,,
,,,,,,,,2169858680,,,,,,,,,,,,,2212840663,42981983.59
